timestep,episode,episode_reward,episode_length,wall_time,policy_loss,value_loss,entropy,approx_kl
32,0,18.015,32,0.28,,,,
56,1,6.88,24,0.32,,,,
82,2,1.487,26,0.36,,,,
97,3,1.4,15,0.39,,,,
124,4,4.622,27,0.44,,,,
142,5,2.152,18,0.47,,,,
161,6,3.112,19,0.5,,,,
187,7,6.222,26,0.54,,,,
207,8,1.369,20,0.57,,,,
214,9,0.664,7,0.58,,,,
234,10,3.66,20,0.62,,,,
255,11,1.648,21,0.65,,,,
283,12,0.697,28,0.7,,,,
295,13,1.413,12,0.72,,,,
308,14,1.135,13,0.74,,,,
323,15,1.432,15,0.76,,,,
342,16,2.958,19,0.79,,,,
399,17,12.917,57,0.88,,,,
414,18,0.709,15,0.9,,,,
425,19,0.515,11,0.92,,,,
444,20,1.315,19,0.96,,,,
481,21,0.814,37,1.02,,,,
494,22,0.719,13,1.05,,,,
511,23,0.724,17,1.07,,,,
534,24,1.39,23,1.11,,,,
555,25,1.784,21,1.14,,,,
572,26,0.938,17,1.17,,,,
600,27,0.815,28,1.21,,,,
615,28,0.746,15,1.23,,,,
630,29,0.949,15,1.26,,,,
646,30,1.078,16,1.29,,,,
671,31,2.325,25,1.33,,,,
683,32,0.601,12,1.35,,,,
692,33,0.501,9,1.36,,,,
732,34,5.66,40,1.43,,,,
761,35,1.15,29,1.47,,,,
772,36,0.614,11,1.49,,,,
786,37,0.367,14,1.51,,,,
800,38,0.8,14,1.53,,,,
814,39,0.637,14,1.56,,,,
835,40,1.454,21,1.59,,,,
852,41,1.244,17,1.61,,,,
901,42,3.809,49,1.69,,,,
914,43,0.348,13,1.72,,,,
940,44,1.869,26,1.76,,,,
979,45,3.419,39,1.82,,,,
1002,46,1.546,23,1.86,,,,
1022,47,0.775,20,1.89,,,,
1046,48,1.709,24,1.92,,,,
1061,49,0.802,15,1.95,,,,
1084,50,1.37,23,1.98,,,,
1097,51,0.518,13,2.0,,,,
1112,52,1.122,15,2.03,,,,
1122,53,0.454,10,2.04,,,,
1139,54,0.749,17,2.07,,,,
1149,55,0.433,10,2.08,,,,
1165,56,0.35,16,2.11,,,,
1199,57,3.742,34,2.16,,,,
1214,58,0.919,15,2.19,,,,
1240,59,1.503,26,2.23,,,,
1253,60,0.617,13,2.25,,,,
1262,61,0.438,9,2.26,,,,
1284,62,2.223,22,2.3,,,,
1302,63,1.405,18,2.33,,,,
1320,64,1.252,18,2.36,,,,
1355,65,0.587,35,2.44,,,,
1373,66,1.49,18,2.47,,,,
1386,67,0.671,13,2.5,,,,
1397,68,0.758,11,2.53,,,,
1427,69,2.867,30,2.59,,,,
1467,70,4.473,40,2.66,,,,
1494,71,2.591,27,2.7,,,,
1506,72,0.792,12,2.72,,,,
1516,73,0.532,10,2.73,,,,
1526,74,0.656,10,2.75,,,,
1551,75,0.827,25,2.79,,,,
1559,76,0.432,8,2.8,,,,
1593,77,0.951,34,2.85,,,,
1606,78,0.631,13,2.87,,,,
1623,79,0.822,17,2.91,,,,
1641,80,0.928,18,2.95,,,,
1664,81,0.836,23,3.0,,,,
1682,82,1.572,18,3.05,,,,
1691,83,0.496,9,3.06,,,,
1715,84,0.926,24,3.11,,,,
1738,85,1.569,23,3.15,,,,
1750,86,0.63,12,3.18,,,,
1769,87,0.833,19,3.21,,,,
1782,88,0.899,13,3.25,,,,
1797,89,0.891,15,3.27,,,,
1807,90,0.317,10,3.29,,,,
1831,91,0.688,24,3.33,,,,
1850,92,1.782,19,3.36,,,,
1860,93,0.773,10,3.37,,,,
1876,94,0.32,16,3.4,,,,
1898,95,1.324,22,3.43,,,,
1933,96,1.869,35,3.5,,,,
1955,97,1.295,22,3.53,,,,
1967,98,0.695,12,3.55,,,,
1978,99,0.631,11,3.57,,,,
1993,100,0.649,15,3.61,,,,
2017,101,0.923,24,3.65,,,,
2032,102,0.718,15,3.69,,,,
2039,103,0.401,7,3.7,,,,
2055,104,0.665,16,6.32,,,,
2078,105,1.878,23,6.37,,,,
2093,106,0.872,15,6.41,,,,
2107,107,1.3,14,6.46,,,,
2124,108,1.272,17,6.51,,,,
2141,109,1.584,17,6.55,,,,
2159,110,2.127,18,6.59,,,,
2178,111,0.772,19,6.63,,,,
2229,112,5.025,51,6.73,,,,
2238,113,0.68,9,6.76,,,,
2261,114,2.326,23,6.81,,,,
2278,115,1.795,17,6.85,,,,
2290,116,0.934,12,6.87,,,,
2304,117,0.895,14,6.9,,,,
2326,118,0.578,22,6.94,,,,
2346,119,2.304,20,6.97,,,,
2370,120,0.408,24,7.01,,,,
2390,121,2.273,20,7.05,,,,
2406,122,0.793,16,7.09,,,,
2432,123,1.911,26,7.13,,,,
2448,124,1.305,16,7.16,,,,
2477,125,2.167,29,7.23,,,,
2515,126,2.099,38,7.3,,,,
2531,127,1.185,16,7.34,,,,
2553,128,1.919,22,7.38,,,,
2574,129,1.305,21,7.44,,,,
2590,130,0.932,16,7.49,,,,
2649,131,10.498,59,7.58,,,,
2707,132,7.061,58,7.71,,,,
2718,133,0.621,11,7.75,,,,
2728,134,0.596,10,7.77,,,,
2741,135,0.64,13,7.8,,,,
2774,136,2.312,33,7.86,,,,
2786,137,0.773,12,7.88,,,,
2806,138,1.462,20,7.92,,,,
2824,139,1.215,18,7.95,,,,
2846,140,1.883,22,7.99,,,,
2877,141,2.047,31,8.04,,,,
2895,142,1.422,18,8.07,,,,
2911,143,1.239,16,8.09,,,,
2937,144,0.909,26,8.15,,,,
2961,145,1.103,24,8.2,,,,
2976,146,1.201,15,8.22,,,,
2998,147,2.021,22,8.26,,,,
3013,148,0.925,15,8.28,,,,
3098,149,12.958,85,8.47,,,,
3111,150,0.625,13,8.49,,,,
3134,151,1.556,23,8.56,,,,
3146,152,0.684,12,8.59,,,,
3178,153,2.238,32,8.65,,,,
3188,154,0.615,10,8.66,,,,
3205,155,1.182,17,8.71,,,,
3215,156,0.555,10,8.73,,,,
3241,157,0.266,26,8.78,,,,
3259,158,1.255,18,8.81,,,,
3301,159,4.733,42,8.88,,,,
3339,160,3.583,38,8.95,,,,
3355,161,0.599,16,8.97,,,,
3371,162,0.542,16,9.0,,,,
3403,163,2.874,32,9.07,,,,
3432,164,2.238,29,9.14,,,,
3530,165,11.813,98,9.33,,,,
3553,166,1.243,23,9.37,,,,
3573,167,0.665,20,9.41,,,,
3586,168,0.35,13,9.45,,,,
3599,169,0.739,13,9.47,,,,
3623,170,1.541,24,9.51,,,,
3705,171,5.818,82,9.69,,,,
3735,172,1.058,30,9.75,,,,
3748,173,0.653,13,9.77,,,,
3763,174,0.743,15,9.79,,,,
3859,175,9.113,96,9.97,,,,
3870,176,0.492,11,9.98,,,,
3882,177,0.441,12,10.01,,,,
3902,178,0.691,20,10.05,,,,
3973,179,7.074,71,10.17,,,,
4015,180,0.616,42,10.25,,,,
4034,181,0.98,19,10.28,,,,
4079,182,1.059,45,10.36,,,,
4110,183,2.076,31,12.85,,,,
4164,184,4.489,54,12.95,,,,
4207,185,2.555,43,13.05,,,,
4216,186,0.3,9,13.07,,,,
4230,187,0.729,14,13.09,,,,
4242,188,0.561,12,13.11,,,,
4257,189,0.768,15,13.14,,,,
4314,190,3.894,57,13.25,,,,
4333,191,0.999,19,13.28,,,,
4358,192,1.781,25,13.32,,,,
4378,193,1.04,20,13.38,,,,
4421,194,3.826,43,13.47,,,,
4433,195,0.517,12,13.49,,,,
4465,196,2.222,32,13.54,,,,
4483,197,0.779,18,13.58,,,,
4493,198,0.319,10,13.59,,,,
4504,199,0.41,11,13.61,,,,
4518,200,0.376,14,13.64,,,,
4553,201,3.149,35,13.7,,,,
4574,202,0.43,21,13.74,,,,
4606,203,1.342,32,13.8,,,,
4617,204,0.471,11,13.82,,,,
4681,205,6.72,64,13.96,,,,
4708,206,0.77,27,14.01,,,,
4748,207,2.17,40,14.07,,,,
4773,208,0.722,25,14.13,,,,
4782,209,0.362,9,14.14,,,,
4838,210,5.755,56,14.27,,,,
4872,211,3.074,34,14.33,,,,
4900,212,1.2,28,14.4,,,,
4919,213,0.566,19,14.46,,,,
4934,214,0.468,15,14.48,,,,
4945,215,0.483,11,14.5,,,,
4983,216,2.333,38,14.6,,,,
5003,217,1.375,20,14.65,,,,
5023,218,0.924,20,14.7,,,,
5057,219,1.198,34,14.77,,,,
5067,220,0.344,10,14.79,,,,
5093,221,0.871,26,14.83,,,,
5162,222,6.206,69,14.97,,,,
5197,223,0.846,35,15.04,,,,
5244,224,3.003,47,15.12,,,,
5258,225,0.524,14,15.14,,,,
5274,226,0.657,16,15.18,,,,
5325,227,2.816,51,15.29,,,,
5420,228,9.137,95,15.48,,,,
5470,229,2.941,50,15.61,,,,
5545,230,6.123,75,15.78,,,,
5570,231,1.279,25,15.84,,,,
5593,232,0.739,23,15.89,,,,
5610,233,0.698,17,15.92,,,,
5642,234,2.046,32,15.99,,,,
5701,235,5.443,59,16.13,,,,
5727,236,0.623,26,16.17,,,,
5808,237,8.39,81,16.32,,,,
5842,238,0.926,34,16.37,,,,
5896,239,2.91,54,16.49,,,,
5916,240,0.362,20,16.53,,,,
5947,241,1.841,31,16.6,,,,
5967,242,0.883,20,16.63,,,,
5983,243,0.544,16,16.66,,,,
6001,244,0.712,18,16.69,,,,
6068,245,6.081,67,16.82,,,,
6131,246,4.539,63,16.93,,,,
6153,247,1.16,22,19.39,,,,
6198,248,3.221,45,19.48,,,,
6220,249,1.191,22,19.53,,,,
6278,250,5.134,58,19.68,,,,
6356,251,6.858,78,19.83,,,,
6413,252,4.871,57,19.97,,,,
6444,253,1.792,31,20.03,,,,
6481,254,2.46,37,20.11,,,,
6541,255,5.288,60,20.23,,,,
6595,256,4.576,54,20.37,,,,
6637,257,3.422,42,20.45,,,,
6683,258,3.815,46,20.53,,,,
6698,259,0.594,15,20.57,,,,
6715,260,0.663,17,20.6,,,,
6726,261,0.407,11,20.62,,,,
6754,262,1.622,28,20.66,,,,
6814,263,4.751,60,20.78,,,,
6845,264,1.693,31,20.85,,,,
6883,265,2.595,38,20.92,,,,
6902,266,0.796,19,20.95,,,,
6952,267,4.182,50,21.07,,,,
7004,268,3.35,52,21.17,,,,
7045,269,1.283,41,21.26,,,,
7116,270,6.468,71,21.4,,,,
7195,271,7.24,79,21.56,,,,
7223,272,1.166,28,21.62,,,,
7268,273,2.863,45,21.74,,,,
7323,274,4.543,55,21.84,,,,
7340,275,0.663,17,21.86,,,,
7362,276,0.863,22,21.9,,,,
7442,277,7.816,80,22.05,,,,
7484,278,3.018,42,22.13,,,,
7519,279,1.881,35,22.19,,,,
7547,280,1.319,28,22.24,,,,
7622,281,6.692,75,22.37,,,,
7666,282,3.267,44,22.45,,,,
7681,283,0.572,15,22.5,,,,
7693,284,0.399,12,22.52,,,,
7749,285,4.336,56,22.65,,,,
7775,286,0.845,26,22.7,,,,
7807,287,2.285,32,22.75,,,,
7841,288,1.232,34,22.82,,,,
7913,289,3.802,72,22.95,,,,
8000,290,8.464,87,23.15,,,,
8018,291,0.92,18,23.2,,,,
8034,292,0.611,16,23.24,,,,
8065,293,2.14,31,23.3,,,,
8186,294,9.661,121,23.56,,,,
8235,295,3.358,49,26.15,,,,
8288,296,3.069,53,26.25,,,,
8308,297,0.839,20,26.28,,,,
8388,298,6.916,80,26.43,,,,
8436,299,3.272,48,26.51,,,,
8465,300,1.899,29,26.56,,,,
8520,301,3.944,55,26.66,,,,
8564,302,2.865,44,26.73,,,,
8656,303,8.383,92,26.91,,,,
8727,304,4.598,71,27.06,,,,
8776,305,3.252,49,27.16,,,,
8817,306,2.621,41,27.24,,,,
8889,307,5.858,72,27.37,,,,
8919,308,1.441,30,27.44,,,,
8992,309,5.759,73,27.57,,,,
9011,310,0.675,19,27.6,,,,
9080,311,5.211,69,27.72,,,,
9108,312,1.158,28,27.77,,,,
9156,313,1.66,48,27.87,,,,
9245,314,7.629,89,28.03,,,,
9335,315,5.984,90,28.2,,,,
9372,316,2.284,37,28.29,,,,
9411,317,2.433,39,28.39,,,,
9464,318,2.912,53,28.53,,,,
9566,319,8.629,102,28.7,,,,
9603,320,2.277,37,28.76,,,,
9653,321,3.118,50,28.86,,,,
9732,322,6.282,79,29.06,,,,
9804,323,5.034,72,29.25,,,,
9840,324,2.157,36,29.32,,,,
9918,325,5.053,78,29.46,,,,
9997,326,5.662,79,29.62,,,,
10060,327,4.272,63,30.11,,,,
10121,328,4.157,61,30.23,,,,
10217,329,7.765,96,30.41,,,,
10234,330,0.563,17,30.44,,,,
10305,331,4.875,71,33.14,,,,
10369,332,4.175,64,33.3,,,,
10414,333,2.674,45,33.43,,,,
10450,334,2.056,36,33.52,,,,
10491,335,2.379,41,33.61,,,,
10527,336,2.089,36,33.67,,,,
10607,337,5.549,80,33.82,,,,
10676,338,4.973,69,33.95,,,,
10738,339,4.027,62,34.07,,,,
10779,340,2.387,41,34.18,,,,
10807,341,1.606,28,34.23,,,,
10911,342,7.531,104,34.53,,,,
10948,343,2.051,37,34.63,,,,
11038,344,6.858,90,34.89,,,,
11130,345,7.026,92,35.09,,,,
11237,346,7.528,107,35.38,,,,
11282,347,2.518,45,35.51,,,,
11380,348,7.352,98,35.7,,,,
11426,349,2.509,46,35.78,,,,
11465,350,2.187,39,35.85,,,,
11552,351,5.832,87,36.07,,,,
11613,352,3.281,61,36.18,,,,
11666,353,2.875,53,36.28,,,,
11760,354,6.281,94,36.56,,,,
11821,355,3.768,61,36.7,,,,
11875,356,2.829,54,36.8,,,,
11970,357,6.547,95,37.05,,,,
12045,358,4.88,75,37.2,,,,
12089,359,2.33,44,37.28,,,,
12196,360,7.586,107,37.47,,,,
12235,361,2.064,39,37.54,,,,
12334,362,7.091,99,40.44,,,,
12366,363,1.597,32,40.51,,,,
12395,364,1.493,29,40.56,,,,
12511,365,7.451,116,40.76,,,,
12556,366,2.367,45,40.84,,,,
12653,367,6.728,97,41.0,,,,
12738,368,5.625,85,41.15,,,,
12825,369,4.964,87,41.34,,,,
12890,370,3.631,65,41.5,,,,
12950,371,3.258,60,41.6,,,,
13040,372,5.864,90,41.77,,,,
13103,373,3.669,63,41.88,,,,
13162,374,3.284,59,41.98,,,,
13187,375,0.87,25,42.03,,,,
13225,376,1.769,38,42.09,,,,
13292,377,3.452,67,42.21,,,,
13343,378,2.664,51,42.33,,,,
13414,379,4.064,71,42.49,,,,
13486,380,4.389,72,42.65,,,,
13581,381,6.373,95,42.82,,,,
13684,382,6.483,103,43.0,,,,
13774,383,5.71,90,43.16,,,,
13862,384,5.288,88,43.32,,,,
13924,385,3.264,62,43.42,,,,
14009,386,5.502,85,43.57,,,,
14099,387,5.839,90,43.73,,,,
14197,388,5.643,98,43.91,,,,
14291,389,6.022,94,44.16,,,,
14374,390,5.041,83,46.93,,,,
14424,391,2.517,50,47.03,,,,
14518,392,6.181,94,47.2,,,,
14613,393,6.264,95,47.39,,,,
14719,394,6.108,106,47.66,,,,
14765,395,2.232,46,47.75,,,,
14862,396,6.226,97,47.91,,,,
14949,397,5.513,87,48.07,,,,
15047,398,6.016,98,48.27,,,,
15135,399,5.521,88,48.42,,,,
15198,400,3.348,63,48.54,,,,
15304,401,6.534,106,48.76,,,,
15406,402,6.365,102,49.01,,,,
15508,403,6.45,102,49.2,,,,
15602,404,5.916,94,49.37,,,,
15655,405,2.494,53,49.46,,,,
15734,406,4.516,79,49.6,,,,
15812,407,4.406,78,49.74,,,,
15868,408,2.677,56,49.84,,,,
15951,409,4.786,83,49.98,,,,
16013,410,3.116,62,50.09,,,,
16114,411,6.054,101,50.27,,,,
16218,412,6.066,104,50.45,,,,
16319,413,5.889,101,50.63,,,,
16417,414,6.265,98,53.51,,,,
16524,415,6.934,107,53.74,,,,
16613,416,5.155,89,53.91,,,,
16685,417,3.878,72,54.03,,,,
16772,418,4.988,87,54.18,,,,
16873,419,6.151,101,54.35,,,,
16924,420,2.314,51,54.49,,,,
17018,421,5.638,94,54.64,,,,
17110,422,5.542,92,54.8,,,,
17206,423,5.453,96,55.05,,,,
17308,424,5.982,102,55.23,,,,
17406,425,5.89,98,55.41,,,,
17501,426,5.773,95,55.62,,,,
17592,427,5.276,91,55.78,,,,
17695,428,4.973,103,55.97,,,,
17793,429,5.451,98,56.14,,,,
17888,430,5.586,95,56.31,,,,
17947,431,2.708,59,56.41,,,,
18045,432,5.408,98,56.58,,,,
18138,433,5.175,93,56.74,,,,
18176,434,1.6,38,56.8,,,,
18274,435,5.876,98,56.97,,,,
18388,436,6.428,114,57.26,,,,
18490,437,6.008,102,60.2,,,,
18577,438,4.183,87,60.38,,,,
18674,439,5.35,97,60.56,,,,
18733,440,2.683,59,60.66,,,,
18801,441,3.339,68,60.77,,,,
18889,442,4.962,88,60.94,,,,
18997,443,6.565,108,61.16,,,,
19102,444,6.583,105,61.36,,,,
19150,445,2.056,48,61.46,,,,
19264,446,6.777,114,61.71,,,,
19328,447,2.949,64,61.9,,,,
19369,448,1.445,41,62.02,,,,
19473,449,5.795,104,62.28,,,,
19548,450,3.873,75,62.42,,,,
19650,451,5.575,102,62.6,,,,
19755,452,5.369,105,62.78,,,,
19866,453,5.849,111,62.97,,,,
19967,454,5.583,101,63.15,,,,
20058,455,4.933,91,64.09,,,,
20152,456,5.244,94,64.25,,,,
20258,457,6.022,106,64.45,,,,
20301,458,1.863,43,64.53,,,,
20395,459,5.136,94,64.69,,,,
20478,460,4.096,83,64.84,,,,
20580,461,5.881,102,66.99,,,,
20689,462,6.067,109,67.18,,,,
20790,463,5.693,101,67.36,,,,
20901,464,5.829,111,67.55,,,,
20995,465,5.251,94,67.71,,,,
21089,466,5.152,94,67.87,,,,
21184,467,4.918,95,68.03,,,,
21283,468,5.462,99,68.21,,,,
21383,469,5.156,100,68.38,,,,
21482,470,5.374,99,68.56,,,,
21580,471,5.303,98,68.74,,,,
21681,472,5.367,101,68.91,,,,
21777,473,5.274,96,69.1,,,,
21887,474,6.15,110,69.29,,,,
21985,475,5.478,98,69.46,,,,
22076,476,4.936,91,69.63,,,,
22159,477,4.145,83,69.79,,,,
22257,478,5.251,98,69.96,,,,
22326,479,3.22,69,70.08,,,,
22441,480,6.3,115,70.28,,,,
22545,481,5.581,104,72.8,,,,
22641,482,5.25,96,72.99,,,,
22751,483,6.304,110,73.18,,,,
22854,484,5.486,103,73.37,,,,
22970,485,5.904,116,73.57,,,,
23078,486,5.503,108,73.77,,,,
23183,487,5.408,105,73.95,,,,
23290,488,5.893,107,74.14,,,,
23390,489,5.583,100,74.31,,,,
23514,490,6.538,124,74.53,,,,
23617,491,5.621,103,74.71,,,,
23722,492,5.494,105,74.91,,,,
23833,493,5.482,111,75.11,,,,
23946,494,5.858,113,75.31,,,,
24059,495,5.963,113,75.52,,,,
24114,496,2.056,55,75.61,,,,
24225,497,5.666,111,75.81,,,,
24339,498,6.188,114,76.01,,,,
24441,499,5.214,102,76.18,,,,
24543,500,5.662,102,76.36,,,,
24585,501,1.668,42,78.78,,,,
24690,502,5.74,105,78.98,,,,
24795,503,5.622,105,79.15,,,,
24867,504,3.252,72,79.28,,,,
24971,505,5.825,104,79.45,,,,
25072,506,5.268,101,79.63,,,,
25181,507,5.755,109,79.82,,,,
25291,508,5.593,110,80.02,,,,
25396,509,5.248,105,80.22,,,,
25507,510,6.14,111,80.42,,,,
25606,511,4.963,99,80.59,,,,
25708,512,5.24,102,80.76,,,,
25808,513,4.969,100,80.95,,,,
25917,514,5.707,109,81.14,,,,
26027,515,5.765,110,81.33,,,,
26138,516,6.041,111,81.53,,,,
26242,517,5.24,104,81.71,,,,
26353,518,5.379,111,81.9,,,,
26454,519,5.466,101,82.1,,,,
26533,520,3.582,79,82.24,,,,
26634,521,5.178,101,84.3,,,,
26737,522,5.662,103,84.48,,,,
26853,523,6.199,116,84.67,,,,
26962,524,6.173,109,84.86,,,,
27076,525,6.153,114,85.06,,,,
27187,526,6.275,111,85.26,,,,
27300,527,5.873,113,85.45,,,,
27406,528,5.241,106,85.64,,,,
27521,529,6.547,115,85.85,,,,
27631,530,5.474,110,86.04,,,,
27670,531,1.479,39,86.11,,,,
27793,532,6.772,123,86.33,,,,
27899,533,5.641,106,86.52,,,,
27970,534,3.14,71,86.64,,,,
28077,535,5.623,107,86.83,,,,
28202,536,6.905,125,87.06,,,,
28258,537,2.237,56,87.15,,,,
28373,538,6.661,115,87.35,,,,
28484,539,6.024,111,87.55,,,,
28560,540,3.502,76,87.7,,,,
28663,541,5.108,103,87.87,,,,
28786,542,6.185,123,89.94,,,,
28894,543,5.484,108,90.13,,,,
29022,544,7.262,128,90.35,,,,
29158,545,7.804,136,90.58,,,,
29281,546,6.91,123,90.8,,,,
29405,547,6.975,124,91.01,,,,
29520,548,6.05,115,91.22,,,,
29634,549,6.043,114,91.42,,,,
29733,550,4.845,99,91.6,,,,
29842,551,5.979,109,91.82,,,,
29946,552,5.036,104,92.01,,,,
30062,553,6.277,116,93.24,,,,
30177,554,6.001,115,93.45,,,,
30283,555,5.607,106,93.63,,,,
30333,556,1.888,50,93.72,,,,
30440,557,5.365,107,93.93,,,,
30550,558,4.713,110,94.12,,,,
30663,559,6.141,113,94.32,,,,
30781,560,6.104,118,97.04,,,,
30893,561,5.458,112,97.28,,,,
31017,562,6.347,124,97.5,,,,
31146,563,6.793,129,97.73,,,,
31261,564,6.238,115,97.93,,,,
31388,565,6.729,127,98.16,,,,
31498,566,5.75,110,98.37,,,,
31605,567,5.328,107,98.55,,,,
31728,568,6.716,123,98.77,,,,
31847,569,6.291,119,98.99,,,,
31962,570,5.939,115,99.2,,,,
32074,571,5.725,112,99.4,,,,
32192,572,6.168,118,99.61,,,,
32329,573,7.099,137,99.86,,,,
32455,574,6.603,126,100.08,,,,
32567,575,6.004,112,100.28,,,,
32678,576,5.406,111,100.47,,,,
32783,577,5.024,105,103.23,,,,
32904,578,6.617,121,103.45,,,,
33032,579,6.597,128,103.68,,,,
33151,580,5.968,119,103.9,,,,
33271,581,5.81,120,104.11,,,,
33395,582,6.453,124,104.32,,,,
33517,583,6.16,122,104.54,,,,
33642,584,6.464,125,104.77,,,,
33733,585,3.786,91,104.93,,,,
33860,586,5.996,127,105.15,,,,
33980,587,6.495,120,105.37,,,,
34104,588,6.475,124,105.59,,,,
34155,589,1.842,51,105.69,,,,
34257,590,4.804,102,105.9,,,,
34367,591,5.233,110,106.1,,,,
34505,592,6.753,138,106.34,,,,
34642,593,7.27,137,106.59,,,,
34763,594,5.932,121,106.8,,,,
34896,595,6.776,133,109.56,,,,
35020,596,6.443,124,109.77,,,,
35146,597,6.709,126,109.99,,,,
35271,598,6.159,125,110.21,,,,
35397,599,6.325,126,110.43,,,,
35518,600,6.322,121,110.64,,,,
35642,601,6.571,124,110.86,,,,
35763,602,6.162,121,111.07,,,,
35889,603,6.956,126,111.29,,,,
36023,604,6.814,134,111.53,,,,
36153,605,6.822,130,111.77,,,,
36289,606,6.779,136,112.01,,,,
36424,607,6.41,135,112.25,,,,
36542,608,5.604,118,112.46,,,,
36668,609,6.527,126,112.68,,,,
36801,610,6.332,133,112.93,,,,
36938,611,6.399,137,115.63,,,,
37077,612,6.984,139,115.89,,,,
37202,613,6.212,125,116.11,,,,
37339,614,6.877,137,116.35,,,,
37477,615,6.76,138,116.59,,,,
37610,616,6.339,133,116.83,,,,
37749,617,6.316,139,117.07,,,,
37880,618,6.257,131,117.31,,,,
38004,619,5.863,124,117.54,,,,
38147,620,6.56,143,117.8,,,,
38265,621,5.863,118,118.0,,,,
38401,622,6.261,136,118.25,,,,
38520,623,5.995,119,118.46,,,,
38647,624,6.045,127,118.69,,,,
38798,625,7.444,151,118.96,,,,
38917,626,5.551,119,121.73,,,,
39061,627,7.365,144,121.99,,,,
39200,628,7.118,139,122.25,,,,
39339,629,7.003,139,122.54,,,,
39477,630,6.545,138,122.77,,,,
39616,631,6.616,139,123.04,,,,
39753,632,7.632,137,123.28,,,,
39882,633,6.595,129,123.5,,,,
40017,634,6.603,135,125.11,,,,
40146,635,5.926,129,125.4,,,,
40278,636,6.894,132,125.63,,,,
40417,637,6.578,139,125.87,,,,
40557,638,6.743,140,126.11,,,,
40691,639,6.657,134,126.42,,,,
40837,640,7.16,146,126.67,,,,
40961,641,5.976,124,128.97,,,,
41094,642,6.636,133,129.23,,,,
41194,643,4.368,100,129.39,,,,
41332,644,6.774,138,129.63,,,,
41473,645,7.249,141,129.89,,,,
41609,646,7.019,136,130.13,,,,
41745,647,6.098,136,130.36,,,,
41885,648,6.656,140,130.59,,,,
42021,649,6.167,136,130.84,,,,
42157,650,6.621,136,131.09,,,,
42295,651,6.231,138,131.35,,,,
42442,652,6.798,147,131.6,,,,
42582,653,6.128,140,131.84,,,,
42719,654,6.648,137,132.11,,,,
42860,655,6.936,141,132.39,,,,
42993,656,6.894,133,132.62,,,,
43134,657,6.203,141,134.85,,,,
43268,658,6.737,134,135.07,,,,
43410,659,6.366,142,135.38,,,,
43548,660,7.015,138,135.63,,,,
43680,661,6.278,132,135.86,,,,
43818,662,6.408,138,136.1,,,,
43921,663,4.365,103,136.29,,,,
44054,664,6.195,133,136.53,,,,
44194,665,6.35,140,136.77,,,,
44346,666,7.179,152,137.03,,,,
44477,667,6.501,131,137.25,,,,
44610,668,6.789,133,137.51,,,,
44751,669,6.953,141,137.78,,,,
44889,670,6.665,138,138.04,,,,
45035,671,7.372,146,138.33,,,,
45175,672,7.235,140,141.01,,,,
45314,673,6.525,139,141.27,,,,
45449,674,6.761,135,141.5,,,,
45590,675,6.844,141,141.74,,,,
45728,676,5.727,138,142.0,,,,
45861,677,6.578,133,142.26,,,,
46021,678,7.862,160,142.54,,,,
46161,679,6.662,140,142.81,,,,
46305,680,6.128,144,143.06,,,,
46452,681,6.87,147,143.33,,,,
46581,682,6.565,129,143.59,,,,
46716,683,6.123,135,143.83,,,,
46849,684,6.65,133,144.06,,,,
46993,685,7.031,144,144.31,,,,
47130,686,6.953,137,146.96,,,,
47269,687,6.792,139,147.23,,,,
47425,688,7.879,156,147.54,,,,
47562,689,6.991,137,147.79,,,,
47705,690,7.148,143,148.06,,,,
47853,691,7.281,148,148.33,,,,
47990,692,6.012,137,148.56,,,,
48141,693,7.055,151,148.81,,,,
48288,694,7.209,147,149.08,,,,
48430,695,6.531,142,149.38,,,,
48572,696,5.983,142,149.69,,,,
48727,697,7.569,155,149.96,,,,
48879,698,7.292,152,150.25,,,,
49014,699,6.577,135,150.59,,,,
49166,700,7.088,152,153.22,,,,
49310,701,6.691,144,153.48,,,,
49451,702,7.099,141,153.82,,,,
49606,703,7.524,155,154.14,,,,
49758,704,7.209,152,154.5,,,,
49898,705,6.674,140,154.75,,,,
49991,706,3.513,93,154.93,,,,
50148,707,7.64,157,156.78,,,,
50291,708,6.864,143,157.09,,,,
50436,709,6.905,145,157.35,,,,
50594,710,7.83,158,157.67,,,,
50732,711,6.455,138,157.98,,,,
50881,712,6.929,149,158.3,,,,
51025,713,6.996,144,158.58,,,,
51174,714,6.763,149,158.89,,,,
51317,715,6.97,143,161.55,,,,
51456,716,6.799,139,161.81,,,,
51603,717,6.985,147,162.09,,,,
51740,718,6.49,137,162.36,,,,
51877,719,6.688,137,162.61,,,,
52036,720,7.341,159,162.89,,,,
52188,721,6.857,152,163.15,,,,
52358,722,8.336,170,163.52,,,,
52502,723,6.965,144,163.79,,,,
52605,724,4.07,103,163.98,,,,
52750,725,7.005,145,164.28,,,,
52877,726,6.095,127,164.57,,,,
53026,727,6.862,149,164.83,,,,
53163,728,6.165,137,165.12,,,,
53302,729,6.256,139,167.74,,,,
53443,730,6.417,141,168.02,,,,
53587,731,6.724,144,168.29,,,,
53716,732,5.632,129,168.54,,,,
53823,733,4.351,107,168.77,,,,
53960,734,6.077,137,169.04,,,,
54101,735,6.861,141,169.33,,,,
54260,736,7.422,159,169.67,,,,
54399,737,6.779,139,169.96,,,,
54549,738,6.959,150,170.26,,,,
54685,739,6.559,136,170.52,,,,
54732,740,1.257,47,170.61,,,,
54871,741,6.26,139,170.94,,,,
54996,742,5.746,125,171.19,,,,
55125,743,6.043,129,171.48,,,,
55265,744,6.521,140,171.78,,,,
55396,745,5.934,131,174.37,,,,
55534,746,6.624,138,174.64,,,,
55673,747,6.641,139,174.94,,,,
55814,748,6.766,141,175.21,,,,
55964,749,7.097,150,175.48,,,,
56096,750,6.268,132,175.74,,,,
56239,751,6.65,143,176.05,,,,
56399,752,7.509,160,176.37,,,,
56542,753,6.582,143,176.67,,,,
56673,754,6.116,131,176.93,,,,
56828,755,7.002,155,177.24,,,,
57033,756,9.938,205,177.66,,,,
57196,757,7.536,163,177.97,,,,
57339,758,6.631,143,178.23,,,,
57492,759,6.767,153,180.83,,,,
57641,760,6.868,149,181.13,,,,
57798,761,7.471,157,181.4,,,,
57957,762,7.51,159,181.7,,,,
58107,763,6.695,150,182.0,,,,
58245,764,6.342,138,182.26,,,,
58392,765,6.686,147,182.53,,,,
58528,766,6.327,136,182.8,,,,
58674,767,6.547,146,183.07,,,,
58827,768,7.104,153,183.34,,,,
58968,769,6.344,141,183.59,,,,
59112,770,6.717,144,183.85,,,,
59254,771,6.471,142,184.1,,,,
59397,772,6.579,143,186.81,,,,
59541,773,6.696,144,187.08,,,,
59695,774,7.114,154,187.36,,,,
59843,775,6.908,148,187.63,,,,
59993,776,6.467,150,187.93,,,,
60153,777,7.188,160,189.62,,,,
60299,778,6.733,146,189.88,,,,
60444,779,6.628,145,190.14,,,,
60592,780,6.561,148,190.42,,,,
60742,781,6.558,150,190.69,,,,
60889,782,6.85,147,190.96,,,,
61069,783,8.39,180,191.3,,,,
61229,784,6.711,160,191.62,,,,
61369,785,6.491,140,191.88,,,,
61536,786,7.973,167,194.58,,,,
61684,787,6.807,148,194.88,,,,
61884,788,9.711,200,195.25,,,,
62029,789,6.634,145,195.55,,,,
62198,790,7.616,169,195.84,,,,
62369,791,7.944,171,196.15,,,,
62537,792,7.927,168,196.47,,,,
62686,793,6.083,149,196.74,,,,
62831,794,6.497,145,196.99,,,,
62974,795,6.163,143,197.25,,,,
63137,796,7.392,163,197.54,,,,
63317,797,7.841,180,197.87,,,,
63467,798,6.334,150,198.13,,,,
63610,799,6.278,143,200.45,,,,
63817,800,9.635,207,200.82,,,,
64033,801,10.291,216,201.24,,,,
64183,802,6.496,150,201.51,,,,
64366,803,8.423,183,201.84,,,,
64515,804,5.616,149,202.12,,,,
64667,805,6.493,152,202.41,,,,
64826,806,7.046,159,202.75,,,,
64986,807,6.916,160,203.03,,,,
65148,808,7.022,162,203.34,,,,
65264,809,4.413,116,203.55,,,,
65423,810,6.784,159,203.84,,,,
65561,811,5.891,138,206.01,,,,
65712,812,6.636,151,206.29,,,,
65886,813,7.395,174,206.58,,,,
66046,814,6.787,160,206.87,,,,
66191,815,5.929,145,207.13,,,,
66340,816,6.601,149,207.4,,,,
66504,817,6.938,164,207.71,,,,
66649,818,6.312,145,207.97,,,,
66838,819,8.661,189,208.34,,,,
67037,820,9.31,199,208.74,,,,
67232,821,8.89,195,209.1,,,,
67384,822,6.497,152,209.38,,,,
67551,823,7.366,167,209.68,,,,
67731,824,7.867,180,212.35,,,,
67922,825,8.231,191,212.68,,,,
68075,826,6.492,153,212.97,,,,
68302,827,9.636,227,213.38,,,,
68456,828,5.886,154,213.65,,,,
68603,829,6.439,147,213.9,,,,
68818,830,9.868,215,214.3,,,,
69048,831,10.379,230,214.73,,,,
69259,832,9.629,211,215.09,,,,
69499,833,10.589,240,215.51,,,,
69687,834,8.615,188,218.17,,,,
69850,835,7.241,163,218.47,,,,
70061,836,9.562,211,221.8,,,,
70262,837,8.814,201,222.15,,,,
70464,838,9.284,202,222.5,,,,
70698,839,10.833,234,222.91,,,,
70962,840,11.469,264,223.39,,,,
71083,841,3.936,121,223.61,,,,
71319,842,10.124,236,224.04,,,,
71474,843,6.48,155,224.33,,,,
71698,844,9.82,224,227.23,,,,
71967,845,11.243,269,227.73,,,,
72200,846,8.987,233,228.16,,,,
72367,847,4.974,167,228.46,,,,
72681,848,13.617,314,229.02,,,,
73140,849,20.138,459,229.9,,,,
73325,850,7.847,185,230.21,,,,
73724,851,15.665,399,230.95,,,,
73932,852,8.391,208,233.83,,,,
74253,853,12.699,321,234.48,,,,
74553,854,13.158,300,235.02,,,,
74799,855,10.471,246,235.53,,,,
75119,856,13.108,320,236.11,,,,
75299,857,7.361,180,236.45,,,,
75577,858,11.683,278,237.03,,,,
75785,859,7.581,208,239.73,,,,
76257,860,19.0,472,240.61,,,,
76670,861,14.445,413,241.41,,,,
77194,862,18.325,524,242.43,,,,
77490,863,10.547,296,242.99,,,,
77864,864,14.838,374,245.9,,,,
78210,865,12.681,346,246.51,,,,
78530,866,12.313,320,247.08,,,,
78770,867,9.253,240,247.5,,,,
79088,868,13.0,318,248.1,,,,
79318,869,8.743,230,248.52,,,,
79668,870,13.253,350,249.16,,,,
80018,871,13.549,350,256.45,,,,
80250,872,8.653,232,256.87,,,,
80484,873,8.459,234,257.29,,,,
80798,874,12.23,314,257.88,,,,
81337,875,19.643,539,258.86,,,,
81632,876,10.696,295,259.38,,,,
81847,877,8.459,215,259.78,,,,
82225,878,15.057,378,262.24,,,,
82582,879,14.019,357,262.88,,,,
82795,880,7.951,213,263.27,,,,
83026,881,8.702,231,263.7,,,,
83371,882,12.741,345,264.34,,,,
83606,883,8.84,235,264.77,,,,
83999,884,13.556,393,267.68,,,,
84507,885,17.709,508,268.59,,,,
84775,886,9.749,268,269.08,,,,
85104,887,12.165,329,269.65,,,,
85518,888,14.6,414,270.4,,,,
85742,889,8.287,224,270.79,,,,
86195,890,16.102,453,273.96,,,,
87195,891,26.661,1000,275.81,,,,
87410,892,7.985,215,276.21,,,,
87704,893,11.066,294,276.82,,,,
88049,894,11.756,345,277.44,,,,
88687,895,20.509,638,280.8,,,,
89491,896,24.469,804,282.36,,,,
89707,897,5.805,216,282.76,,,,
90099,898,14.466,392,292.32,,,,
90568,899,16.665,469,295.63,,,,
90797,900,7.763,229,296.02,,,,
91765,901,29.677,968,297.77,,,,
92030,902,9.55,265,298.28,,,,
92272,903,8.55,242,301.19,,,,
92545,904,9.805,273,301.69,,,,
92853,905,11.207,308,302.24,,,,
93094,906,8.495,241,302.72,,,,
93244,907,4.842,150,302.98,,,,
93489,908,8.585,245,303.43,,,,
93881,909,12.638,392,304.14,,,,
94602,910,23.123,721,308.13,,,,
94747,911,3.052,145,308.38,,,,
94854,912,2.45,107,308.59,,,,
94946,913,1.926,92,308.75,,,,
95161,914,7.494,215,309.12,,,,
95250,915,1.998,89,309.27,,,,
95720,916,15.776,470,310.13,,,,
95815,917,2.072,95,310.29,,,,
96431,918,19.158,616,313.96,,,,
96887,919,11.284,456,314.8,,,,
97109,920,5.781,222,315.22,,,,
97674,921,15.181,565,316.25,,,,
98186,922,14.565,512,317.18,,,,
98764,923,16.893,578,320.09,,,,
99108,924,10.324,344,320.7,,,,
99259,925,3.42,151,320.99,,,,
100023,926,22.507,764,331.21,,,,
100319,927,9.947,296,331.76,,,,
100549,928,7.753,230,334.03,,,,
101005,929,14.82,456,334.83,,,,
101315,930,10.767,310,335.37,,,,
101578,931,8.691,263,335.85,,,,
101952,932,13.419,374,336.52,,,,
102279,933,10.637,327,337.09,,,,
102481,934,6.931,202,339.3,,,,
102740,935,8.05,259,339.74,,,,
103121,936,12.01,381,340.38,,,,
103502,937,12.507,381,341.07,,,,
103803,938,10.839,301,341.61,,,,
104237,939,10.514,434,342.39,,,,
105237,940,26.41,1000,346.41,,,,
105722,941,12.57,485,347.25,,,,
106134,942,12.839,412,347.97,,,,
106903,943,23.002,769,351.58,,,,
107346,944,13.905,443,352.37,,,,
107933,945,17.615,587,353.4,,,,
108248,946,10.822,315,353.96,,,,
108444,947,6.565,196,354.3,,,,
109408,948,27.498,964,358.02,,,,
110122,949,22.307,714,367.97,,,,
110762,950,20.036,640,371.76,,,,
111762,951,26.514,1000,373.72,,,,
112260,952,16.456,498,374.71,,,,
112457,953,6.714,197,375.11,,,,
113107,954,20.134,650,378.91,,,,
113518,955,11.603,411,379.68,,,,
113713,956,6.533,195,380.12,,,,
113889,957,5.496,176,380.44,,,,
114032,958,4.103,143,380.7,,,,
114350,959,10.84,318,381.29,,,,
114525,960,5.731,175,381.66,,,,
114742,961,7.143,217,384.44,,,,
114936,962,6.348,194,384.84,,,,
115366,963,13.913,430,385.62,,,,
115586,964,7.404,220,386.04,,,,
116586,965,27.129,1000,388.0,,,,
116732,966,4.436,146,388.31,,,,
117122,967,12.115,390,391.47,,,,
117490,968,12.54,368,392.17,,,,
117714,969,7.336,224,392.55,,,,
118344,970,16.725,630,393.71,,,,
118612,971,8.787,268,394.18,,,,
118840,972,7.127,228,397.33,,,,
119064,973,7.421,224,397.74,,,,
119294,974,7.637,230,398.31,,,,
119595,975,10.043,301,398.9,,,,
119826,976,7.571,231,399.32,,,,
120153,977,9.926,327,405.6,,,,
120486,978,10.179,333,406.27,,,,
120912,979,12.696,426,409.82,,,,
121107,980,6.118,195,410.17,,,,
121456,981,10.811,349,410.88,,,,
121722,982,9.022,266,411.34,,,,
122101,983,12.925,379,412.02,,,,
122529,984,12.516,428,412.77,,,,
123135,985,17.275,606,416.64,,,,
123343,986,6.958,208,417.04,,,,
123737,987,12.713,394,417.98,,,,
123933,988,6.499,196,418.42,,,,
124158,989,6.868,225,418.83,,,,
124384,990,7.385,226,419.22,,,,
124896,991,14.771,512,420.1,,,,
125237,992,11.028,341,423.32,,,,
125654,993,13.547,417,424.07,,,,
126082,994,13.573,428,424.85,,,,
126409,995,10.214,327,425.46,,,,
126555,996,4.338,146,425.72,,,,
126741,997,6.01,186,426.05,,,,
127070,998,9.503,329,428.85,,,,
127438,999,11.418,368,429.5,,,,
127936,1000,15.266,498,430.39,,,,
128207,1001,8.739,271,430.88,,,,
128644,1002,13.239,437,431.65,,,,
128834,1003,6.182,190,432.0,,,,
129171,1004,10.431,337,434.96,,,,
129720,1005,16.293,549,435.94,,,,
129823,1006,2.151,103,436.13,,,,
130273,1007,13.559,450,445.03,,,,
130716,1008,14.505,443,445.83,,,,
131323,1009,18.0,607,449.26,,,,
131879,1010,17.864,556,450.26,,,,
132272,1011,12.369,393,450.94,,,,
132951,1012,16.617,679,452.16,,,,
133277,1013,10.316,326,455.25,,,,
133453,1014,5.269,176,455.59,,,,
133842,1015,12.99,389,456.3,,,,
134153,1016,10.216,311,456.85,,,,
134368,1017,6.973,215,457.22,,,,
134626,1018,8.266,258,457.69,,,,
135379,1019,22.036,753,461.56,,,,
136035,1020,18.401,656,462.73,,,,
136399,1021,10.802,364,463.4,,,,
137237,1022,24.716,838,467.43,,,,
137461,1023,7.261,224,467.83,,,,
137957,1024,14.794,496,468.73,,,,
138359,1025,12.843,402,469.47,,,,
138785,1026,13.528,426,470.22,,,,
139694,1027,27.022,909,474.45,,,,
139924,1028,7.351,230,474.85,,,,
140294,1029,11.38,370,481.13,,,,
140603,1030,10.014,309,481.69,,,,
140796,1031,6.01,193,482.04,,,,
141245,1032,14.007,449,482.86,,,,
141546,1033,9.744,301,485.83,,,,
141755,1034,5.892,209,486.21,,,,
142146,1035,11.432,391,486.87,,,,
142357,1036,6.829,211,487.27,,,,
142766,1037,12.178,409,488.0,,,,
143020,1038,8.189,254,488.5,,,,
143577,1039,16.406,557,491.94,,,,
143837,1040,8.205,260,492.38,,,,
144186,1041,11.222,349,493.06,,,,
144664,1042,15.158,478,493.95,,,,
144787,1043,2.885,123,494.2,,,,
145219,1044,13.163,432,494.92,,,,
145449,1045,7.24,230,497.25,,,,
145647,1046,6.074,198,497.64,,,,
146049,1047,12.631,402,498.41,,,,
146350,1048,9.235,301,498.96,,,,
146498,1049,3.237,148,499.24,,,,
146705,1050,6.514,207,499.62,,,,
147298,1051,18.496,593,500.62,,,,
147656,1052,11.311,358,503.19,,,,
147890,1053,7.274,234,503.62,,,,
148730,1054,23.599,840,505.17,,,,
148954,1055,7.016,224,505.59,,,,
149445,1056,14.093,491,506.53,,,,
149658,1057,6.747,213,509.25,,,,
149906,1058,7.611,248,509.68,,,,
150189,1059,8.992,283,516.52,,,,
150575,1060,12.173,386,517.25,,,,
150885,1061,9.882,310,517.94,,,,
151109,1062,6.834,224,518.37,,,,
151478,1063,11.759,369,519.12,,,,
151696,1064,6.804,218,521.77,,,,
152224,1065,16.029,528,522.89,,,,
152463,1066,7.405,239,523.32,,,,
153108,1067,20.132,645,524.65,,,,
153473,1068,10.867,365,525.36,,,,
153867,1069,12.439,394,528.47,,,,
154170,1070,9.479,303,529.06,,,,
154704,1071,16.336,534,530.12,,,,
155352,1072,19.499,648,531.36,,,,
155641,1073,7.777,289,531.97,,,,
155898,1074,8.077,257,534.96,,,,
156132,1075,7.115,234,535.4,,,,
157132,1076,29.776,1000,537.39,,,,
157492,1077,10.102,360,538.06,,,,
157704,1078,6.414,212,540.67,,,,
158029,1079,9.144,325,541.32,,,,
158397,1080,11.556,368,542.01,,,,
158615,1081,6.378,218,542.43,,,,
158998,1082,11.784,383,543.13,,,,
159374,1083,10.986,376,543.82,,,,
159593,1084,6.604,219,544.25,,,,
159812,1085,6.464,219,547.15,,,,
160021,1086,6.537,209,555.34,,,,
160366,1087,9.722,345,555.98,,,,
160706,1088,9.941,340,556.6,,,,
160930,1089,7.011,224,557.01,,,,
161258,1090,9.884,328,557.63,,,,
161549,1091,8.952,291,558.17,,,,
161793,1092,6.14,244,561.13,,,,
162100,1093,9.632,307,561.73,,,,
162406,1094,9.191,306,562.29,,,,
162619,1095,6.378,213,562.66,,,,
162977,1096,11.003,358,563.33,,,,
163298,1097,9.919,321,563.93,,,,
163603,1098,9.538,305,564.5,,,,
163921,1099,9.832,318,567.54,,,,
164115,1100,5.807,194,567.89,,,,
164579,1101,13.183,464,568.77,,,,
164860,1102,8.806,281,569.28,,,,
165281,1103,13.388,421,570.08,,,,
165608,1104,9.266,327,570.66,,,,
165915,1105,8.27,307,573.4,,,,
166165,1106,7.761,250,573.83,,,,
166611,1107,13.139,446,574.67,,,,
167333,1108,20.631,722,576.03,,,,
167787,1109,12.164,454,576.84,,,,
168006,1110,6.861,219,579.38,,,,
168132,1111,3.165,126,579.63,,,,
168801,1112,20.488,669,580.83,,,,
169096,1113,9.397,295,581.38,,,,
169362,1114,8.217,266,581.89,,,,
169691,1115,9.302,329,582.51,,,,
170167,1116,14.801,476,594.37,,,,
170479,1117,9.984,312,594.97,,,,
171059,1118,17.551,580,596.02,,,,
171634,1119,17.814,575,597.06,,,,
172057,1120,12.94,423,600.21,,,,
172830,1121,19.928,773,601.61,,,,
173172,1122,9.679,342,602.22,,,,
173547,1123,11.432,375,602.93,,,,
174103,1124,15.987,556,605.83,,,,
174438,1125,10.38,335,606.41,,,,
174950,1126,15.479,512,607.32,,,,
175236,1127,9.087,286,607.85,,,,
175422,1128,5.594,186,608.18,,,,
175753,1129,9.833,331,608.77,,,,
176080,1130,10.249,327,609.35,,,,
176453,1131,11.341,373,612.33,,,,
176975,1132,15.658,522,613.26,,,,
177264,1133,8.956,289,613.81,,,,
177537,1134,8.39,273,614.33,,,,
177931,1135,11.896,394,615.05,,,,
178167,1136,5.336,236,615.47,,,,
178455,1137,7.568,288,618.37,,,,
178732,1138,7.291,277,618.87,,,,
178991,1139,7.926,259,619.31,,,,
179427,1140,12.786,436,620.08,,,,
179996,1141,16.736,569,621.13,,,,
180779,1142,23.668,783,633.3,,,,
181172,1143,12.077,393,633.99,,,,
181949,1144,22.987,777,635.39,,,,
182378,1145,12.716,429,638.75,,,,
182672,1146,9.25,294,639.3,,,,
183088,1147,11.771,416,640.05,,,,
183408,1148,9.882,320,640.64,,,,
183688,1149,8.396,280,641.14,,,,
184215,1150,15.247,527,642.07,,,,
184546,1151,9.532,331,644.52,,,,
185017,1152,15.077,471,645.36,,,,
185371,1153,10.887,354,646.08,,,,
185679,1154,9.688,308,646.62,,,,
185993,1155,10.001,314,647.23,,,,
186592,1156,17.27,599,650.17,,,,
186969,1157,10.737,377,650.82,,,,
187202,1158,7.129,233,651.24,,,,
187419,1159,6.623,217,651.63,,,,
187832,1160,12.337,413,652.38,,,,
188084,1161,7.728,252,652.86,,,,
188471,1162,11.313,387,656.04,,,,
188993,1163,14.625,522,657.05,,,,
189680,1164,20.734,687,658.27,,,,
189867,1165,5.551,187,658.59,,,,
190091,1166,6.637,224,666.53,,,,
190444,1167,9.729,353,667.16,,,,
190824,1168,10.308,380,670.4,,,,
191218,1169,11.459,394,671.21,,,,
191458,1170,7.294,240,671.64,,,,
191618,1171,3.655,160,671.94,,,,
191905,1172,7.877,287,672.45,,,,
192306,1173,12.554,401,673.17,,,,
192970,1174,19.833,664,676.7,,,,
193325,1175,9.87,355,677.33,,,,
194220,1176,26.655,895,679.01,,,,
195220,1177,30.73,1000,683.33,,,,
195716,1178,14.28,496,684.27,,,,
196243,1179,15.464,527,685.26,,,,
196458,1180,6.486,215,685.65,,,,
197247,1181,23.93,789,689.76,,,,
197380,1182,2.688,133,690.0,,,,
197599,1183,6.763,219,690.41,,,,
198254,1184,19.052,655,691.62,,,,
199011,1185,22.319,757,695.24,,,,
199253,1186,7.462,242,695.66,,,,
199510,1187,7.833,257,696.12,,,,
200014,1188,14.936,504,701.13,,,,
200358,1189,8.606,344,701.75,,,,
200867,1190,13.258,509,704.63,,,,
201588,1191,19.863,721,705.84,,,,
202460,1192,22.156,872,707.35,,,,
203208,1193,21.019,748,710.86,,,,
203603,1194,12.39,395,711.56,,,,
203841,1195,7.178,238,711.96,,,,
204388,1196,17.137,547,712.91,,,,
204621,1197,7.238,233,713.31,,,,
204884,1198,8.031,263,715.59,,,,
205143,1199,8.006,259,716.04,,,,
205506,1200,10.084,363,716.65,,,,
205634,1201,2.444,128,716.88,,,,
205898,1202,8.055,264,717.34,,,,
206279,1203,11.232,381,718.02,,,,
206854,1204,16.561,575,720.83,,,,
207215,1205,11.266,361,721.44,,,,
207794,1206,16.498,579,722.46,,,,
208029,1207,7.283,235,722.89,,,,
208234,1208,6.182,205,723.31,,,,
208581,1209,10.592,347,723.97,,,,
208820,1210,7.253,239,724.44,,,,
209473,1211,20.855,653,728.13,,,,
209687,1212,6.312,214,728.57,,,,
209984,1213,9.123,297,729.17,,,,
210598,1214,17.512,614,736.99,,,,
210923,1215,9.85,325,737.67,,,,
211139,1216,6.464,216,740.5,,,,
211417,1217,8.568,278,741.06,,,,
212417,1218,27.356,1000,743.05,,,,
212714,1219,9.264,297,743.67,,,,
213054,1220,10.597,340,746.84,,,,
213378,1221,9.956,324,747.53,,,,
213860,1222,14.605,482,748.49,,,,
214466,1223,18.153,606,749.73,,,,
214963,1224,14.227,497,750.72,,,,
215439,1225,13.72,476,754.28,,,,
216259,1226,24.62,820,755.93,,,,
216476,1227,6.512,217,756.32,,,,
216702,1228,6.909,226,756.73,,,,
216916,1229,6.358,214,757.17,,,,
217111,1230,5.841,195,760.23,,,,
217566,1231,13.782,455,761.25,,,,
218076,1232,14.063,510,762.13,,,,
218585,1233,14.822,509,763.1,,,,
219281,1234,20.554,696,767.11,,,,
219732,1235,12.578,451,768.08,,,,
220037,1236,8.353,305,775.54,,,,
220581,1237,16.254,544,776.83,,,,
220840,1238,8.045,259,777.45,,,,
221033,1239,5.63,193,777.81,,,,
221526,1240,14.609,493,781.53,,,,
221752,1241,6.685,226,781.94,,,,
222102,1242,10.317,350,782.55,,,,
222326,1243,6.491,224,782.94,,,,
222541,1244,6.349,215,783.32,,,,
223084,1245,16.154,543,784.27,,,,
223521,1246,12.701,437,787.02,,,,
223819,1247,9.263,298,787.53,,,,
224130,1248,9.639,311,788.08,,,,
224273,1249,3.888,143,788.33,,,,
224739,1250,13.718,466,789.17,,,,
224946,1251,6.195,207,789.54,,,,
225148,1252,5.798,202,789.89,,,,
225401,1253,7.687,253,792.58,,,,
225720,1254,9.152,319,793.17,,,,
225978,1255,7.903,258,793.63,,,,
226093,1256,2.668,115,793.82,,,,
226289,1257,5.848,196,794.16,,,,
226622,1258,9.989,333,794.75,,,,
227113,1259,15.195,491,795.6,,,,
227566,1260,12.858,453,798.5,,,,
227755,1261,5.434,189,798.83,,,,
228187,1262,13.587,432,799.61,,,,
228668,1263,13.486,481,800.46,,,,
228883,1264,6.363,215,800.84,,,,
229883,1265,27.453,1000,804.56,,,,
230146,1266,7.884,263,807.51,,,,
230523,1267,11.414,377,808.21,,,,
230973,1268,13.158,450,809.0,,,,
231601,1269,18.578,628,812.03,,,,
231940,1270,9.424,339,812.6,,,,
232413,1271,13.921,473,813.4,,,,
232730,1272,8.994,317,813.98,,,,
233126,1273,11.337,396,814.67,,,,
233548,1274,12.006,422,817.91,,,,
234301,1275,21.87,753,819.28,,,,
234931,1276,17.721,630,820.39,,,,
235242,1277,8.837,311,820.93,,,,
235789,1278,15.979,547,824.52,,,,
236144,1279,10.922,355,825.12,,,,
236483,1280,9.921,339,825.72,,,,
236794,1281,8.427,311,826.26,,,,
237251,1282,13.374,457,827.05,,,,
237650,1283,12.426,399,830.33,,,,
238046,1284,11.368,396,831.02,,,,
238321,1285,6.84,275,831.5,,,,
238668,1286,10.559,347,832.08,,,,
239264,1287,17.42,596,833.13,,,,
239470,1288,6.042,206,833.49,,,,
239744,1289,8.267,274,836.43,,,,
240001,1290,7.665,257,840.29,,,,
240156,1291,4.201,155,840.58,,,,
240316,1292,3.772,160,840.86,,,,
240624,1293,9.287,308,841.39,,,,
241049,1294,12.051,425,842.14,,,,
241370,1295,8.698,321,842.74,,,,
241823,1296,13.308,453,845.86,,,,
242141,1297,9.242,318,846.43,,,,
242476,1298,10.05,335,847.01,,,,
242752,1299,7.963,276,847.66,,,,
243445,1300,20.929,693,848.94,,,,
244118,1301,19.42,673,852.61,,,,
244276,1302,4.305,158,852.88,,,,
244582,1303,9.082,306,853.46,,,,
245018,1304,13.35,436,854.21,,,,
245244,1305,6.759,226,854.65,,,,
245403,1306,4.389,159,854.93,,,,
245697,1307,8.861,294,855.49,,,,
245967,1308,8.1,270,858.26,,,,
246346,1309,11.054,379,858.95,,,,
246608,1310,7.8,262,859.4,,,,
246908,1311,9.259,300,859.96,,,,
247205,1312,8.933,297,860.56,,,,
247547,1313,9.606,342,861.28,,,,
247763,1314,6.41,216,861.64,,,,
248063,1315,9.082,300,864.4,,,,
248559,1316,14.589,496,865.35,,,,
248646,1317,1.645,87,865.52,,,,
249001,1318,10.09,355,866.19,,,,
249298,1319,8.992,297,866.77,,,,
249572,1320,8.224,274,867.29,,,,
249778,1321,5.897,206,867.68,,,,
250043,1322,7.877,265,873.51,,,,
250319,1323,8.326,276,874.06,,,,
250606,1324,8.725,287,874.67,,,,
251185,1325,17.434,579,875.83,,,,
251668,1326,14.26,483,876.79,,,,
251985,1327,9.664,317,879.8,,,,
252380,1328,11.473,395,880.58,,,,
252678,1329,9.188,298,881.23,,,,
253048,1330,10.842,370,882.01,,,,
253218,1331,3.8,170,882.38,,,,
253481,1332,7.947,263,882.92,,,,
253731,1333,7.45,250,883.48,,,,
253953,1334,6.501,222,886.28,,,,
254332,1335,10.845,379,887.05,,,,
254561,1336,6.818,229,887.49,,,,
254901,1337,10.164,340,888.14,,,,
255119,1338,6.454,218,888.56,,,,
255457,1339,10.453,338,889.2,,,,
255764,1340,9.246,307,889.79,,,,
256306,1341,16.217,542,893.39,,,,
256660,1342,10.067,354,894.14,,,,
257008,1343,10.391,348,894.89,,,,
257320,1344,9.142,312,895.49,,,,
257408,1345,1.729,88,895.65,,,,
257727,1346,9.49,319,896.27,,,,
257917,1347,5.611,190,896.66,,,,
258001,1348,1.646,84,896.81,,,,
258448,1349,13.455,447,899.99,,,,
258592,1350,3.937,144,900.27,,,,
258831,1351,7.152,239,900.74,,,,
259129,1352,9.266,298,901.38,,,,
259509,1353,11.634,380,902.13,,,,
259724,1354,6.396,215,902.55,,,,
259981,1355,7.626,257,903.03,,,,
260430,1356,11.921,449,908.52,,,,
260707,1357,8.383,277,909.0,,,,
261055,1358,10.288,348,909.65,,,,
261696,1359,19.285,641,910.84,,,,
262047,1360,10.184,351,911.48,,,,
262376,1361,9.469,329,914.48,,,,
262777,1362,11.249,401,915.23,,,,
263042,1363,7.985,265,915.7,,,,
263532,1364,14.337,490,916.61,,,,
263899,1365,11.006,367,917.28,,,,
264029,1366,2.475,130,917.51,,,,
264456,1367,13.165,427,920.73,,,,
264718,1368,8.085,262,921.21,,,,
265291,1369,18.181,573,922.27,,,,
265781,1370,15.351,490,923.22,,,,
265987,1371,6.107,206,923.62,,,,
266305,1372,9.419,318,926.61,,,,
266391,1373,1.689,86,926.77,,,,
266817,1374,10.834,426,927.56,,,,
267166,1375,10.736,349,928.2,,,,
267620,1376,13.428,454,929.04,,,,
268325,1377,21.301,705,932.73,,,,
268688,1378,10.796,363,933.45,,,,
269002,1379,8.819,314,934.01,,,,
269192,1380,5.657,190,934.33,,,,
269440,1381,7.606,248,934.77,,,,
269570,1382,2.43,130,935.02,,,,
269887,1383,9.331,317,935.61,,,,
270134,1384,7.673,247,939.36,,,,
270534,1385,11.89,400,942.2,,,,
270822,1386,8.752,288,942.72,,,,
271114,1387,7.977,292,943.23,,,,
271250,1388,2.669,136,943.46,,,,
271491,1389,7.379,241,943.94,,,,
271686,1390,5.726,195,944.3,,,,
271967,1391,8.476,281,944.8,,,,
272436,1392,13.971,469,947.95,,,,
272664,1393,6.679,228,948.37,,,,
273264,1394,17.27,600,949.51,,,,
273578,1395,9.507,314,950.07,,,,
273896,1396,9.841,318,950.62,,,,
274009,1397,2.374,113,950.82,,,,
274313,1398,7.925,304,951.39,,,,
274560,1399,7.791,247,954.11,,,,
274933,1400,11.308,373,954.82,,,,
275243,1401,8.488,310,955.41,,,,
275581,1402,10.41,338,956.04,,,,
275855,1403,8.405,274,956.54,,,,
276155,1404,8.627,300,957.06,,,,
276446,1405,8.884,291,957.65,,,,
276721,1406,8.301,275,959.99,,,,
277070,1407,10.744,349,960.62,,,,
277350,1408,8.819,280,961.18,,,,
277647,1409,8.321,297,961.75,,,,
277955,1410,9.238,308,962.31,,,,
278196,1411,7.476,241,962.75,,,,
278690,1412,14.295,494,965.51,,,,
278987,1413,7.815,297,966.03,,,,
279262,1414,8.508,275,966.51,,,,
279560,1415,9.122,298,967.04,,,,
279865,1416,9.248,305,967.63,,,,
280282,1417,11.728,417,971.08,,,,
280809,1418,15.371,527,974.27,,,,
281080,1419,8.349,271,974.75,,,,
281372,1420,8.895,292,975.28,,,,
281640,1421,8.004,268,975.74,,,,
281925,1422,8.543,285,976.28,,,,
282252,1423,9.884,327,976.87,,,,
282490,1424,7.333,238,977.28,,,,
282908,1425,12.76,418,980.31,,,,
283190,1426,8.559,282,980.82,,,,
283468,1427,8.593,278,981.3,,,,
283755,1428,7.886,287,981.81,,,,
284022,1429,7.974,267,982.3,,,,
284302,1430,8.353,280,982.81,,,,
284794,1431,14.677,492,986.11,,,,
285191,1432,12.163,397,986.86,,,,
285479,1433,8.774,288,987.38,,,,
285975,1434,14.302,496,988.28,,,,
286246,1435,8.257,271,988.77,,,,
286492,1436,7.717,246,989.2,,,,
286729,1437,7.228,237,991.91,,,,
287219,1438,14.069,490,992.79,,,,
287670,1439,14.19,451,993.61,,,,
288170,1440,13.77,500,994.54,,,,
288633,1441,13.541,463,995.4,,,,
288885,1442,6.637,252,997.95,,,,
289233,1443,10.883,348,998.55,,,,
289522,1444,8.533,289,999.08,,,,
290218,1445,19.595,696,1003.09,,,,
290988,1446,23.25,770,1006.32,,,,
291228,1447,6.502,240,1006.75,,,,
291505,1448,8.758,277,1007.24,,,,
291846,1449,10.673,341,1007.86,,,,
292110,1450,8.167,264,1008.35,,,,
292319,1451,6.165,209,1008.72,,,,
292833,1452,16.116,514,1009.69,,,,
293039,1453,6.073,206,1012.05,,,,
293340,1454,9.163,301,1012.56,,,,
293694,1455,11.118,354,1013.2,,,,
294067,1456,10.662,373,1013.87,,,,
294338,1457,8.318,271,1014.35,,,,
294745,1458,12.051,407,1015.07,,,,
295203,1459,13.854,458,1018.41,,,,
295585,1460,11.726,382,1019.15,,,,
295888,1461,9.17,303,1019.71,,,,
296102,1462,6.259,214,1020.09,,,,
296378,1463,8.345,276,1020.59,,,,
296600,1464,5.791,222,1021.0,,,,
297079,1465,14.923,479,1024.19,,,,
297476,1466,12.251,397,1024.97,,,,
298031,1467,16.659,555,1025.97,,,,
298336,1468,8.499,305,1026.57,,,,
299025,1469,19.688,689,1030.19,,,,
299311,1470,8.984,286,1030.71,,,,
299648,1471,10.739,337,1031.29,,,,
299955,1472,9.423,307,1031.86,,,,
300379,1473,13.231,424,1035.19,,,,
301379,1474,28.786,1000,1039.47,,,,
301669,1475,8.839,290,1040.02,,,,
301900,1476,6.815,231,1040.42,,,,
302129,1477,5.53,229,1040.86,,,,
302418,1478,9.186,289,1041.37,,,,
302633,1479,6.407,215,1041.78,,,,
303045,1480,12.796,412,1042.55,,,,
303448,1481,11.641,403,1045.82,,,,
303987,1482,16.565,539,1046.76,,,,
304422,1483,12.376,435,1047.55,,,,
304828,1484,11.676,406,1048.27,,,,
305424,1485,17.156,596,1051.98,,,,
305647,1486,6.689,223,1052.38,,,,
305784,1487,3.367,137,1052.62,,,,
305996,1488,6.315,212,1052.98,,,,
306278,1489,8.52,282,1053.48,,,,
306547,1490,8.495,269,1053.95,,,,
306908,1491,10.241,361,1054.57,,,,
307213,1492,9.229,305,1057.31,,,,
307466,1493,7.764,253,1057.75,,,,
307978,1494,15.405,512,1058.66,,,,
308170,1495,5.804,192,1059.01,,,,
308468,1496,8.926,298,1059.55,,,,
308764,1497,8.724,296,1060.06,,,,
309064,1498,9.245,300,1060.59,,,,
309359,1499,8.928,295,1062.91,,,,
309574,1500,6.32,215,1063.27,,,,
309829,1501,7.979,255,1063.71,,,,
310132,1502,9.308,303,1068.62,,,,
310385,1503,8.036,253,1069.06,,,,
310511,1504,3.043,126,1069.28,,,,
310737,1505,6.865,226,1069.67,,,,
311043,1506,9.453,306,1070.22,,,,
311253,1507,6.124,210,1070.61,,,,
311662,1508,12.428,409,1073.54,,,,
311948,1509,9.14,286,1074.05,,,,
312200,1510,7.816,252,1074.5,,,,
312398,1511,5.83,198,1074.83,,,,
312610,1512,6.386,212,1075.21,,,,
312914,1513,9.288,304,1075.74,,,,
313215,1514,9.016,301,1076.29,,,,
313512,1515,8.976,297,1078.78,,,,
313735,1516,6.613,223,1079.17,,,,
314013,1517,8.655,278,1079.65,,,,
314498,1518,14.978,485,1080.51,,,,
314788,1519,8.681,290,1081.05,,,,
315062,1520,8.789,274,1081.52,,,,
315349,1521,8.798,287,1082.02,,,,
315663,1522,8.676,314,1085.07,,,,
315963,1523,9.04,300,1085.63,,,,
316139,1524,5.046,176,1085.93,,,,
316520,1525,11.578,381,1086.65,,,,
316813,1526,8.483,293,1087.22,,,,
317251,1527,12.705,438,1088.09,,,,
317592,1528,10.123,341,1091.25,,,,
318592,1529,26.806,1000,1093.24,,,,
318896,1530,9.266,304,1093.82,,,,
319194,1531,8.787,298,1094.56,,,,
319404,1532,6.164,210,1095.02,,,,
319698,1533,8.72,294,1098.07,,,,
319943,1534,7.64,245,1098.56,,,,
320527,1535,18.1,584,1102.65,,,,
320823,1536,8.937,296,1103.22,,,,
321042,1537,6.606,219,1103.7,,,,
321255,1538,6.296,213,1104.06,,,,
321777,1539,15.889,522,1107.51,,,,
322022,1540,7.655,245,1108.06,,,,
322297,1541,8.213,275,1108.63,,,,
322604,1542,9.367,307,1109.3,,,,
323478,1543,25.596,874,1111.1,,,,
323964,1544,14.378,486,1114.54,,,,
324715,1545,22.623,751,1115.86,,,,
325090,1546,11.439,375,1116.55,,,,
325459,1547,10.376,369,1117.19,,,,
325754,1548,8.286,295,1120.42,,,,
326020,1549,7.969,266,1120.9,,,,
326337,1550,9.464,317,1121.61,,,,
326653,1551,9.088,316,1122.24,,,,
327248,1552,16.866,595,1123.37,,,,
327561,1553,9.386,313,1124.04,,,,
327824,1554,8.296,263,1127.31,,,,
328134,1555,9.439,310,1127.92,,,,
328423,1556,8.858,289,1128.53,,,,
328857,1557,13.642,434,1129.37,,,,
329108,1558,7.735,251,1129.84,,,,
329413,1559,8.581,305,1130.71,,,,
329695,1560,8.482,282,1131.2,,,,
329967,1561,8.51,272,1134.43,,,,
330177,1562,6.105,210,1137.61,,,,
330435,1563,7.972,258,1138.14,,,,
330857,1564,12.796,422,1139.12,,,,
331262,1565,12.458,405,1139.91,,,,
331650,1566,11.609,388,1140.69,,,,
331858,1567,6.121,208,1143.56,,,,
332185,1568,10.051,327,1144.13,,,,
332414,1569,7.097,229,1144.56,,,,
332639,1570,6.743,225,1144.95,,,,
332878,1571,7.48,239,1145.37,,,,
333128,1572,7.596,250,1145.81,,,,
333395,1573,8.304,267,1146.27,,,,
333664,1574,8.424,269,1146.75,,,,
333981,1575,9.054,317,1149.63,,,,
334133,1576,4.112,152,1149.9,,,,
334530,1577,11.585,397,1150.59,,,,
334804,1578,8.382,274,1151.06,,,,
335208,1579,11.668,404,1151.78,,,,
335453,1580,7.567,245,1152.22,,,,
335881,1581,12.814,428,1155.19,,,,
336290,1582,12.765,409,1155.93,,,,
336673,1583,11.16,383,1156.61,,,,
336803,1584,2.554,130,1156.84,,,,
337089,1585,8.497,286,1157.33,,,,
337320,1586,7.068,231,1157.75,,,,
337775,1587,12.686,455,1158.55,,,,
338027,1588,7.861,252,1161.06,,,,
338376,1589,10.484,349,1161.66,,,,
338643,1590,8.205,267,1162.12,,,,
338859,1591,6.374,216,1162.52,,,,
339859,1592,28.209,1000,1164.24,,,,
340248,1593,11.404,389,1170.56,,,,
340510,1594,8.087,262,1171.02,,,,
340966,1595,14.257,456,1171.82,,,,
341284,1596,9.073,318,1172.38,,,,
341667,1597,11.771,383,1173.04,,,,
342096,1598,12.997,429,1176.29,,,,
342403,1599,9.361,307,1176.82,,,,
342796,1600,11.948,393,1177.49,,,,
343052,1601,8.131,256,1177.95,,,,
343382,1602,10.201,330,1178.53,,,,
343642,1603,8.1,260,1179.0,,,,
343892,1604,7.669,250,1179.45,,,,
344257,1605,11.142,365,1182.65,,,,
344475,1606,6.246,218,1183.02,,,,
344664,1607,5.611,189,1183.35,,,,
344943,1608,8.385,279,1183.83,,,,
345550,1609,18.218,607,1184.88,,,,
345975,1610,13.222,425,1185.62,,,,
346221,1611,6.229,246,1188.66,,,,
346937,1612,20.598,716,1189.89,,,,
347246,1613,8.704,309,1190.41,,,,
347719,1614,14.405,473,1191.22,,,,
348024,1615,9.183,305,1191.75,,,,
348338,1616,9.111,314,1194.82,,,,
348730,1617,11.806,392,1195.48,,,,
349048,1618,9.664,318,1196.03,,,,
349451,1619,12.566,403,1196.74,,,,
349779,1620,9.852,328,1197.3,,,,
350084,1621,9.222,305,1201.8,,,,
350531,1622,13.477,447,1204.53,,,,
350879,1623,10.414,348,1205.17,,,,
351190,1624,8.963,311,1205.76,,,,
351382,1625,5.706,192,1206.15,,,,
351656,1626,8.113,274,1206.7,,,,
351967,1627,9.263,311,1207.27,,,,
352371,1628,11.952,404,1210.16,,,,
352820,1629,12.989,449,1211.03,,,,
353140,1630,9.892,320,1211.68,,,,
353392,1631,7.67,252,1212.22,,,,
353689,1632,8.991,297,1212.75,,,,
354027,1633,10.046,338,1213.45,,,,
354569,1634,16.177,542,1216.76,,,,
354897,1635,9.651,328,1217.43,,,,
355192,1636,8.885,295,1217.99,,,,
355508,1637,9.406,316,1218.62,,,,
355828,1638,9.349,320,1219.18,,,,
356130,1639,8.93,302,1219.71,,,,
356550,1640,12.502,420,1222.69,,,,
356878,1641,10.008,328,1223.32,,,,
357177,1642,9.126,299,1223.88,,,,
357483,1643,9.273,306,1224.46,,,,
357783,1644,9.026,300,1225.06,,,,
358501,1645,21.001,718,1228.5,,,,
358798,1646,8.958,297,1229.03,,,,
359335,1647,16.305,537,1230.11,,,,
359911,1648,17.426,576,1231.19,,,,
360216,1649,8.894,305,1237.54,,,,
360529,1650,9.42,313,1240.64,,,,
360982,1651,14.202,453,1241.55,,,,
361251,1652,8.426,269,1242.09,,,,
361596,1653,10.519,345,1242.78,,,,
361872,1654,8.635,276,1243.36,,,,
362141,1655,8.606,269,1243.9,,,,
362458,1656,9.589,317,1244.56,,,,
362768,1657,9.352,310,1247.65,,,,
363408,1658,19.472,640,1248.94,,,,
363702,1659,8.66,294,1249.46,,,,
364258,1660,17.54,556,1250.57,,,,
364861,1661,18.46,603,1253.98,,,,
365416,1662,17.18,555,1255.04,,,,
365711,1663,8.783,295,1255.63,,,,
366037,1664,10.239,326,1256.29,,,,
366365,1665,10.152,328,1256.95,,,,
366690,1666,9.743,325,1260.04,,,,
366996,1667,9.099,306,1260.61,,,,
367662,1668,19.242,666,1261.96,,,,
368133,1669,13.953,471,1262.88,,,,
368655,1670,15.855,522,1266.29,,,,
368956,1671,8.962,301,1266.84,,,,
369404,1672,14.057,448,1267.67,,,,
369886,1673,14.557,482,1268.56,,,,
370180,1674,8.645,294,1271.73,,,,
370485,1675,9.078,305,1272.29,,,,
371096,1676,16.039,611,1275.83,,,,
371530,1677,13.469,434,1276.65,,,,
371937,1678,11.683,407,1277.46,,,,
372879,1679,27.375,942,1281.66,,,,
373151,1680,8.228,272,1282.16,,,,
373843,1681,20.118,692,1283.41,,,,
374180,1682,10.466,337,1284.03,,,,
374445,1683,8.2,265,1284.53,,,,
374728,1684,8.644,283,1285.07,,,,
375041,1685,9.513,313,1288.08,,,,
375430,1686,11.179,389,1288.8,,,,
375797,1687,11.488,367,1289.45,,,,
376067,1688,8.328,270,1289.94,,,,
376337,1689,8.384,270,1290.43,,,,
376886,1690,16.699,549,1293.72,,,,
377493,1691,18.469,607,1294.84,,,,
377804,1692,9.069,311,1295.42,,,,
378273,1693,14.069,469,1296.32,,,,
378566,1694,8.803,293,1296.84,,,,
379036,1695,14.493,470,1299.54,,,,
379628,1696,17.162,592,1300.63,,,,
379923,1697,8.826,295,1301.21,,,,
380252,1698,10.232,329,1307.61,,,,
380915,1699,20.23,663,1308.84,,,,
381284,1700,11.369,369,1311.84,,,,
381683,1701,11.622,399,1312.59,,,,
382026,1702,10.46,343,1313.26,,,,
382339,1703,9.649,313,1313.83,,,,
382571,1704,7.011,232,1314.27,,,,
382810,1705,7.452,239,1314.7,,,,
383283,1706,14.425,473,1318.01,,,,
383940,1707,19.558,657,1319.2,,,,
384245,1708,9.366,305,1319.74,,,,
384548,1709,9.123,303,1320.31,,,,
384976,1710,13.379,428,1321.09,,,,
385341,1711,11.062,365,1324.01,,,,
385914,1712,17.337,573,1325.03,,,,
386200,1713,8.592,286,1325.55,,,,
386434,1714,7.196,234,1325.98,,,,
386746,1715,9.766,312,1326.54,,,,
387068,1716,9.955,322,1327.12,,,,
387453,1717,11.836,385,1330.1,,,,
387765,1718,9.558,312,1330.65,,,,
388077,1719,9.499,312,1331.22,,,,
388324,1720,7.579,247,1331.7,,,,
388631,1721,9.439,307,1332.24,,,,
389562,1722,27.491,931,1336.33,,,,
390015,1723,14.319,453,1340.71,,,,
390280,1724,7.948,265,1341.2,,,,
390591,1725,9.587,311,1341.78,,,,
391003,1726,12.388,412,1342.53,,,,
391665,1727,19.785,662,1346.05,,,,
391971,1728,9.246,306,1346.57,,,,
392227,1729,7.886,256,1347.02,,,,
393227,1730,29.139,1000,1351.08,,,,
393398,1731,4.041,171,1351.41,,,,
393722,1732,10.004,324,1351.98,,,,
393986,1733,8.311,264,1352.46,,,,
394194,1734,5.985,208,1352.83,,,,
394559,1735,11.256,365,1353.48,,,,
395030,1736,14.497,471,1354.3,,,,
395320,1737,8.665,290,1357.33,,,,
395685,1738,11.258,365,1358.04,,,,
396009,1739,9.992,324,1358.64,,,,
396296,1740,8.551,287,1359.16,,,,
396767,1741,14.541,471,1360.03,,,,
397102,1742,10.519,335,1360.63,,,,
397359,1743,7.969,257,1363.08,,,,
397759,1744,12.518,400,1363.77,,,,
398004,1745,7.271,245,1364.2,,,,
398502,1746,15.042,498,1365.09,,,,
399084,1747,17.982,582,1366.2,,,,
399481,1748,12.232,397,1368.72,,,,
399887,1749,11.774,406,1369.43,,,,
400573,1750,20.931,686,1374.69,,,,
400892,1751,9.724,319,1375.26,,,,
401467,1752,17.688,575,1378.35,,,,
401779,1753,9.507,312,1378.93,,,,
402390,1754,18.148,611,1380.03,,,,
402566,1755,4.285,176,1380.34,,,,
402695,1756,2.477,129,1380.61,,,,
403002,1757,9.4,307,1381.16,,,,
403165,1758,3.968,163,1381.45,,,,
403468,1759,9.052,303,1384.53,,,,
403810,1760,10.374,342,1385.14,,,,
404715,1761,27.14,905,1386.85,,,,
404975,1762,8.085,260,1387.32,,,,
405196,1763,5.096,221,1387.73,,,,
405451,1764,7.966,255,1388.18,,,,
406158,1765,21.408,707,1392.1,,,,
406666,1766,15.59,508,1393.04,,,,
406988,1767,10.09,322,1393.65,,,,
407359,1768,11.405,371,1394.35,,,,
407667,1769,9.347,308,1397.55,,,,
408486,1770,23.998,819,1399.14,,,,
408867,1771,11.647,381,1399.83,,,,
409030,1772,3.839,163,1400.13,,,,
409393,1773,10.833,363,1400.79,,,,
409697,1774,8.942,304,1403.68,,,,
410135,1775,13.469,438,1408.04,,,,
410553,1776,12.72,418,1408.82,,,,
410953,1777,12.341,400,1409.55,,,,
411260,1778,9.284,307,1410.12,,,,
411576,1779,9.816,316,1410.71,,,,
411937,1780,11.119,361,1413.78,,,,
412280,1781,10.721,343,1414.4,,,,
412604,1782,9.255,324,1414.96,,,,
412924,1783,9.59,320,1415.53,,,,
413245,1784,9.465,321,1416.07,,,,
413531,1785,8.537,286,1416.57,,,,
413801,1786,8.267,270,1418.86,,,,
414208,1787,12.681,407,1419.56,,,,
414618,1788,12.551,410,1420.26,,,,
414855,1789,7.431,237,1420.67,,,,
415205,1790,10.879,350,1421.29,,,,
415532,1791,10.31,327,1421.86,,,,
415833,1792,9.221,301,1424.22,,,,
416095,1793,7.914,262,1424.68,,,,
416376,1794,8.458,281,1425.15,,,,
416740,1795,11.165,364,1425.8,,,,
417044,1796,9.231,304,1426.33,,,,
417400,1797,11.222,356,1426.95,,,,
417669,1798,8.357,269,1427.42,,,,
417861,1799,5.476,192,1429.98,,,,
418602,1800,22.239,741,1431.29,,,,
419267,1801,20.486,665,1432.47,,,,
419631,1802,11.212,364,1433.12,,,,
420116,1803,14.594,485,1442.04,,,,
420460,1804,10.578,344,1442.76,,,,
420829,1805,11.238,369,1443.57,,,,
421165,1806,10.73,336,1444.25,,,,
421429,1807,8.22,264,1444.74,,,,
421725,1808,9.179,296,1445.3,,,,
421954,1809,6.647,229,1448.29,,,,
422257,1810,9.017,303,1448.85,,,,
422704,1811,13.892,447,1449.73,,,,
423090,1812,12.029,386,1450.44,,,,
423418,1813,10.161,328,1451.14,,,,
423753,1814,10.513,335,1451.81,,,,
424555,1815,24.077,802,1455.89,,,,
424925,1816,11.419,370,1456.62,,,,
425498,1817,18.016,573,1457.76,,,,
425811,1818,9.517,313,1458.38,,,,
426102,1819,8.812,291,1461.39,,,,
426539,1820,13.413,437,1462.22,,,,
426880,1821,10.56,341,1462.88,,,,
427199,1822,9.991,319,1463.5,,,,
427473,1823,8.402,274,1464.06,,,,
428376,1824,26.324,903,1468.28,,,,
428787,1825,11.717,411,1469.02,,,,
429155,1826,10.867,368,1469.68,,,,
429470,1827,9.536,315,1470.31,,,,
429753,1828,8.644,283,1470.91,,,,
430007,1829,7.943,254,1475.48,,,,
430244,1830,7.062,237,1478.55,,,,
430572,1831,10.087,328,1479.12,,,,
430918,1832,10.759,346,1479.72,,,,
431237,1833,9.841,319,1480.51,,,,
431552,1834,9.543,315,1481.09,,,,
431811,1835,8.095,259,1481.61,,,,
432162,1836,10.313,351,1484.97,,,,
432691,1837,16.572,529,1486.13,,,,
433437,1838,22.664,746,1487.68,,,,
433763,1839,10.242,326,1488.3,,,,
434011,1840,7.699,248,1488.75,,,,
434421,1841,12.412,410,1492.22,,,,
434843,1842,12.724,422,1492.97,,,,
435237,1843,11.876,394,1493.89,,,,
435990,1844,22.567,753,1495.4,,,,
436244,1845,7.683,254,1498.71,,,,
436626,1846,11.491,382,1499.44,,,,
436952,1847,10.111,326,1500.05,,,,
437636,1848,20.889,684,1501.55,,,,
437955,1849,9.711,319,1502.29,,,,
438955,1850,30.892,1000,1506.37,,,,
439364,1851,12.543,409,1507.09,,,,
439854,1852,15.007,490,1507.95,,,,
440140,1853,8.466,286,1512.1,,,,
440743,1854,18.997,603,1515.19,,,,
441240,1855,15.231,497,1516.06,,,,
441565,1856,10.097,325,1516.63,,,,
441907,1857,10.715,342,1517.22,,,,
442241,1858,10.386,334,1517.79,,,,
442506,1859,8.101,265,1520.62,,,,
442860,1860,11.133,354,1521.27,,,,
443236,1861,11.444,376,1521.93,,,,
443660,1862,13.257,424,1522.66,,,,
444010,1863,11.084,350,1523.27,,,,
444324,1864,9.436,314,1523.82,,,,
444604,1865,8.365,280,1526.44,,,,
444929,1866,9.868,325,1527.01,,,,
445929,1867,29.174,1000,1528.75,,,,
446212,1868,8.417,283,1529.23,,,,
446919,1869,21.031,707,1532.31,,,,
447232,1870,9.473,313,1532.85,,,,
447607,1871,11.625,375,1533.51,,,,
448124,1872,16.269,517,1534.42,,,,
448597,1873,14.362,473,1537.79,,,,
448937,1874,10.503,340,1538.37,,,,
449850,1875,27.366,913,1539.94,,,,
450300,1876,13.78,450,1546.66,,,,
451114,1877,23.759,814,1550.7,,,,
451482,1878,11.322,368,1551.35,,,,
451894,1879,12.82,412,1552.09,,,,
452591,1880,21.098,697,1553.33,,,,
453408,1881,25.427,817,1557.3,,,,
453688,1882,8.599,280,1557.78,,,,
454171,1883,14.93,483,1558.64,,,,
454618,1884,13.73,447,1559.43,,,,
454961,1885,10.142,343,1562.53,,,,
455297,1886,10.416,336,1563.19,,,,
455662,1887,11.145,365,1563.85,,,,
456139,1888,13.53,477,1564.8,,,,
456638,1889,15.583,499,1565.73,,,,
456925,1890,8.802,287,1568.24,,,,
457252,1891,10.016,327,1568.79,,,,
457797,1892,16.527,545,1569.74,,,,
458108,1893,9.569,311,1570.4,,,,
458399,1894,9.085,291,1570.95,,,,
459123,1895,21.825,724,1574.3,,,,
459461,1896,10.635,338,1574.93,,,,
459977,1897,16.383,516,1575.83,,,,
460401,1898,13.003,424,1580.59,,,,
460944,1899,16.893,543,1583.58,,,,
461231,1900,8.675,287,1584.1,,,,
461694,1901,14.497,463,1584.98,,,,
462248,1902,17.4,554,1585.99,,,,
462523,1903,8.357,275,1586.53,,,,
462783,1904,8.089,260,1586.98,,,,
463060,1905,8.656,277,1589.58,,,,
463394,1906,10.479,334,1590.18,,,,
463931,1907,16.711,537,1591.25,,,,
464518,1908,18.639,587,1592.33,,,,
464838,1909,9.698,320,1592.96,,,,
465379,1910,16.765,541,1596.51,,,,
465747,1911,11.352,368,1597.24,,,,
466170,1912,13.197,423,1598.06,,,,
466612,1913,13.941,442,1598.93,,,,
466937,1914,9.995,325,1599.64,,,,
467407,1915,14.781,470,1603.01,,,,
467709,1916,9.226,302,1603.64,,,,
468088,1917,11.338,379,1604.34,,,,
468365,1918,8.404,277,1604.97,,,,
468633,1919,8.477,268,1605.49,,,,
468942,1920,9.516,309,1606.1,,,,
469699,1921,21.828,757,1609.94,,,,
470699,1922,29.575,1000,1617.69,,,,
471408,1923,22.03,709,1621.54,,,,
471698,1924,8.989,290,1622.1,,,,
471919,1925,6.694,221,1622.53,,,,
472192,1926,8.409,273,1623.06,,,,
472552,1927,11.043,360,1623.69,,,,
472996,1928,13.738,444,1624.52,,,,
473406,1929,12.82,410,1627.73,,,,
474097,1930,21.63,691,1629.02,,,,
474448,1931,10.665,351,1629.73,,,,
474783,1932,10.609,335,1630.35,,,,
475090,1933,9.469,307,1630.94,,,,
475404,1934,9.672,314,1634.01,,,,
476128,1935,22.568,724,1635.3,,,,
476653,1936,16.249,525,1636.28,,,,
477014,1937,11.054,361,1636.96,,,,
477309,1938,8.802,295,1640.04,,,,
477976,1939,20.189,667,1641.27,,,,
478389,1940,12.513,413,1642.08,,,,
478759,1941,11.157,370,1642.8,,,,
479025,1942,8.516,266,1643.3,,,,
480025,1943,29.044,1000,1651.33,,,,
480382,1944,11.096,357,1652.01,,,,
481238,1945,26.012,856,1653.63,,,,
481613,1946,11.33,375,1656.61,,,,
481985,1947,11.34,372,1657.35,,,,
482256,1948,8.03,271,1657.84,,,,
482946,1949,21.439,690,1659.08,,,,
483318,1950,11.344,372,1659.76,,,,
484265,1951,29.072,947,1663.41,,,,
484718,1952,14.076,453,1664.3,,,,
485222,1953,15.954,504,1665.21,,,,
485749,1954,16.02,527,1668.06,,,,
486388,1955,19.606,639,1669.23,,,,
486806,1956,13.026,418,1670.05,,,,
487267,1957,13.938,461,1670.93,,,,
487942,1958,21.193,675,1674.47,,,,
488298,1959,10.557,356,1675.1,,,,
488593,1960,9.026,295,1675.63,,,,
489140,1961,16.89,547,1676.68,,,,
489544,1962,12.484,404,1679.91,,,,
489856,1963,9.304,312,1680.47,,,,
490856,1964,29.522,1000,1688.3,,,,
491092,1965,6.962,236,1688.74,,,,
491652,1966,17.459,560,1692.02,,,,
491948,1967,8.86,296,1692.54,,,,
492303,1968,11.167,355,1693.18,,,,
492622,1969,9.554,319,1693.77,,,,
493386,1970,21.995,764,1695.23,,,,
493629,1971,7.427,243,1698.03,,,,
493950,1972,10.005,321,1698.62,,,,
494451,1973,15.549,501,1699.5,,,,
494779,1974,10.083,328,1700.09,,,,
495173,1975,12.28,394,1700.8,,,,
496081,1976,28.812,908,1704.77,,,,
496768,1977,21.315,687,1706.0,,,,
497043,1978,8.707,275,1706.51,,,,
497556,1979,15.88,513,1707.44,,,,
498011,1980,14.185,455,1710.14,,,,
498457,1981,12.694,446,1710.94,,,,
498684,1982,6.835,227,1711.35,,,,
499339,1983,20.472,655,1712.57,,,,
500014,1984,21.186,675,1724.26,,,,
500302,1985,8.738,288,1724.79,,,,
501030,1986,22.846,728,1726.18,,,,
501478,1987,13.869,448,1727.01,,,,
501946,1988,14.242,468,1729.7,,,,
502275,1989,10.003,329,1730.26,,,,
502552,1990,8.339,277,1730.76,,,,
502770,1991,6.447,218,1731.15,,,,
503037,1992,8.079,267,1731.66,,,,
503922,1993,27.678,885,1735.78,,,,
504208,1994,8.762,286,1736.26,,,,
504469,1995,7.939,261,1736.72,,,,
504841,1996,11.399,372,1737.42,,,,
505098,1997,7.955,257,1737.9,,,,
505480,1998,11.637,382,1738.58,,,,
505761,1999,8.439,281,1739.14,,,,
506761,2000,29.098,1000,1743.46,,,,
507761,2001,29.407,1000,1745.25,,,,
508761,2002,30.542,1000,1749.46,,,,
509027,2003,6.973,266,1749.95,,,,
510027,2004,30.382,1000,1761.82,,,,
510306,2005,8.269,279,1762.33,,,,
510717,2006,12.47,411,1763.08,,,,
511093,2007,11.454,376,1763.76,,,,
511580,2008,15.222,487,1764.62,,,,
512013,2009,13.387,433,1768.02,,,,
512360,2010,9.706,347,1768.64,,,,
512931,2011,17.466,571,1769.71,,,,
513665,2012,20.751,734,1771.1,,,,
514317,2013,19.592,652,1774.6,,,,
514680,2014,11.029,363,1775.26,,,,
515498,2015,25.076,818,1776.73,,,,
515948,2016,12.364,450,1777.53,,,,
516384,2017,13.46,436,1780.06,,,,
517204,2018,24.52,820,1781.45,,,,
517637,2019,13.52,433,1782.22,,,,
518307,2020,21.139,670,1785.28,,,,
518720,2021,12.932,413,1785.98,,,,
519282,2022,17.642,562,1786.97,,,,
519537,2023,6.329,255,1787.44,,,,
520537,2024,28.789,1000,1798.51,,,,
520820,2025,8.559,283,1799.01,,,,
521820,2026,30.08,1000,1800.78,,,,
522098,2027,8.412,278,1801.28,,,,
522462,2028,11.249,364,1804.28,,,,
523462,2029,29.425,1000,1806.31,,,,
524462,2030,28.436,1000,1810.87,,,,
524953,2031,14.507,491,1811.88,,,,
525953,2032,29.521,1000,1813.9,,,,
526395,2033,13.717,442,1817.26,,,,
526831,2034,13.211,436,1818.12,,,,
527687,2035,26.76,856,1819.68,,,,
528024,2036,10.545,337,1820.42,,,,
528273,2037,7.643,249,1820.9,,,,
528899,2038,19.18,626,1824.65,,,,
529244,2039,10.471,345,1825.3,,,,
529637,2040,12.031,393,1826.05,,,,
529923,2041,8.376,286,1826.62,,,,
530370,2042,13.708,447,1836.71,,,,
530688,2043,9.778,318,1840.08,,,,
531688,2044,29.73,1000,1842.0,,,,
532060,2045,11.296,372,1842.73,,,,
532800,2046,22.801,740,1846.8,,,,
533113,2047,9.392,313,1847.46,,,,
533383,2048,8.581,270,1847.91,,,,
533912,2049,15.902,529,1848.93,,,,
534380,2050,14.496,468,1849.72,,,,
534762,2051,11.712,382,1853.16,,,,
535451,2052,21.523,689,1854.36,,,,
535738,2053,8.514,287,1854.85,,,,
536052,2054,9.595,314,1855.68,,,,
536498,2055,13.566,446,1856.71,,,,
537498,2056,30.469,1000,1861.7,,,,
537866,2057,11.06,368,1862.39,,,,
538446,2058,17.525,580,1863.43,,,,
538738,2059,8.986,292,1866.25,,,,
539738,2060,28.617,1000,1868.09,,,,
540142,2061,12.644,404,1875.79,,,,
540493,2062,10.747,351,1876.42,,,,
541107,2063,18.878,614,1879.79,,,,
541630,2064,16.535,523,1880.72,,,,
542005,2065,11.599,375,1881.4,,,,
542540,2066,16.527,535,1882.37,,,,
543540,2067,28.89,1000,1886.2,,,,
543819,2068,8.305,279,1886.69,,,,
544819,2069,28.751,1000,1890.56,,,,
545364,2070,16.86,545,1891.58,,,,
546067,2071,21.679,703,1892.85,,,,
546290,2072,5.91,223,1893.24,,,,
546790,2073,14.504,500,1894.13,,,,
547073,2074,8.46,283,1897.18,,,,
548073,2075,29.472,1000,1898.96,,,,
548254,2076,4.379,181,1899.29,,,,
549254,2077,27.752,1000,1903.62,,,,
549810,2078,16.438,556,1904.6,,,,
550595,2079,23.499,785,1913.98,,,,
551185,2080,17.89,590,1917.58,,,,
551480,2081,8.828,295,1918.1,,,,
551750,2082,8.299,270,1918.62,,,,
552750,2083,29.157,1000,1920.4,,,,
553016,2084,8.249,266,1923.3,,,,
554016,2085,28.792,1000,1925.23,,,,
555016,2086,28.493,1000,1929.49,,,,
555337,2087,9.904,321,1930.09,,,,
555623,2088,8.731,286,1930.64,,,,
556182,2089,17.523,559,1931.72,,,,
556483,2090,9.182,301,1932.32,,,,
556837,2091,10.742,354,1932.97,,,,
557115,2092,8.017,278,1935.7,,,,
557484,2093,11.07,369,1936.4,,,,
557759,2094,8.316,275,1936.92,,,,
558451,2095,20.92,692,1938.25,,,,
559337,2096,26.54,886,1941.89,,,,
559779,2097,13.333,442,1942.67,,,,
560064,2098,8.334,285,1951.55,,,,
560849,2099,24.121,785,1952.99,,,,
561849,2100,29.233,1000,1957.32,,,,
562136,2101,8.471,287,1957.86,,,,
562532,2102,10.932,396,1958.6,,,,
562792,2103,7.938,260,1959.14,,,,
563792,2104,29.515,1000,1963.41,,,,
564369,2105,15.315,577,1964.57,,,,
565124,2106,21.52,755,1966.01,,,,
565478,2107,10.417,354,1968.92,,,,
565878,2108,12.493,400,1969.75,,,,
566878,2109,29.896,1000,1971.72,,,,
567511,2110,18.822,633,1975.33,,,,
568067,2111,17.317,556,1976.38,,,,
568790,2112,21.988,723,1977.86,,,,
569384,2113,18.294,594,1981.46,,,,
569704,2114,8.539,320,1982.1,,,,
570090,2115,11.97,386,1991.07,,,,
570493,2116,12.454,403,1991.83,,,,
571138,2117,20.05,645,1993.03,,,,
571407,2118,8.199,269,1995.48,,,,
571790,2119,11.725,383,1996.18,,,,
572790,2120,30.32,1000,1998.03,,,,
573090,2121,8.909,300,1998.57,,,,
573382,2122,8.735,292,1999.1,,,,
574025,2123,19.366,643,2002.15,,,,
574426,2124,12.289,401,2002.89,,,,
575426,2125,29.369,1000,2004.81,,,,
576426,2126,29.227,1000,2008.89,,,,
576799,2127,11.389,373,2009.56,,,,
577264,2128,14.397,465,2010.4,,,,
578264,2129,29.766,1000,2014.74,,,,
578617,2130,10.991,353,2015.41,,,,
579617,2131,30.058,1000,2019.51,,,,
580499,2132,27.107,882,2029.27,,,,
581464,2133,29.765,965,2031.08,,,,
581755,2134,8.788,291,2033.91,,,,
582209,2135,14.155,454,2034.75,,,,
582576,2136,11.136,367,2035.41,,,,
582860,2137,8.778,284,2035.96,,,,
583541,2138,21.298,681,2037.25,,,,
584541,2139,28.142,1000,2041.37,,,,
585367,2140,24.482,826,2042.91,,,,
586367,2141,28.879,1000,2046.93,,,,
587367,2142,29.135,1000,2048.76,,,,
587940,2143,17.22,573,2051.85,,,,
588359,2144,12.627,419,2052.62,,,,
588945,2145,18.209,586,2053.69,,,,
589234,2146,8.622,289,2054.2,,,,
589507,2147,7.116,273,2054.72,,,,
589953,2148,13.718,446,2057.42,,,,
590297,2149,10.251,344,2066.09,,,,
591297,2150,29.551,1000,2067.96,,,,
591519,2151,6.513,222,2068.38,,,,
591865,2152,10.64,346,2069.03,,,,
592450,2153,17.789,585,2071.88,,,,
592754,2154,8.924,304,2072.42,,,,
593056,2155,8.976,302,2072.98,,,,
593364,2156,9.205,308,2073.53,,,,
593722,2157,10.984,358,2074.16,,,,
594149,2158,13.316,427,2077.44,,,,
594333,2159,4.471,184,2077.78,,,,
594615,2160,8.347,282,2078.3,,,,
594900,2161,8.366,285,2078.83,,,,
595900,2162,30.262,1000,2080.65,,,,
596344,2163,13.19,444,2084.31,,,,
596702,2164,10.916,358,2084.97,,,,
596991,2165,8.311,289,2085.51,,,,
597283,2166,8.677,292,2086.02,,,,
597648,2167,10.891,365,2086.69,,,,
598018,2168,9.991,370,2089.9,,,,
598381,2169,10.898,363,2090.64,,,,
598704,2170,10.082,323,2091.23,,,,
599076,2171,9.933,372,2091.91,,,,
599762,2172,19.848,686,2093.24,,,,
600162,2173,12.183,400,2103.2,,,,
600971,2174,23.961,809,2104.68,,,,
601880,2175,25.993,909,2106.35,,,,
602340,2176,14.035,460,2109.6,,,,
602724,2177,11.855,384,2110.29,,,,
603014,2178,8.693,290,2110.8,,,,
603565,2179,15.566,551,2111.84,,,,
604088,2180,14.627,523,2112.8,,,,
604423,2181,9.974,335,2115.99,,,,
605065,2182,17.688,642,2117.17,,,,
606065,2183,29.634,1000,2119.02,,,,
606548,2184,14.681,483,2121.88,,,,
606885,2185,10.301,337,2122.48,,,,
607160,2186,8.106,275,2122.98,,,,
607648,2187,14.852,488,2123.86,,,,
608092,2188,13.351,444,2124.65,,,,
608383,2189,8.659,291,2127.05,,,,
608666,2190,8.354,283,2127.54,,,,
609490,2191,24.955,824,2129.04,,,,
609840,2192,10.795,350,2129.68,,,,
610442,2193,18.508,602,2140.12,,,,
611066,2194,19.475,624,2141.16,,,,
611337,2195,8.348,271,2141.63,,,,
611786,2196,13.162,449,2142.41,,,,
612638,2197,26.855,852,2146.2,,,,
612899,2198,8.015,261,2146.65,,,,
613652,2199,23.103,753,2147.97,,,,
614629,2200,29.282,977,2151.83,,,,
615261,2201,19.854,632,2152.96,,,,
615490,2202,6.204,229,2153.37,,,,
615712,2203,5.956,222,2153.77,,,,
616050,2204,10.416,338,2154.41,,,,
616625,2205,17.73,575,2157.49,,,,
617139,2206,15.991,514,2158.38,,,,
617435,2207,8.877,296,2158.89,,,,
617820,2208,11.831,385,2159.59,,,,
618338,2209,16.052,518,2160.5,,,,
619051,2210,21.912,713,2164.23,,,,
619570,2211,16.109,519,2165.23,,,,
619922,2212,10.731,352,2165.94,,,,
620222,2213,9.256,300,2174.39,,,,
620735,2214,16.091,513,2177.83,,,,
621075,2215,10.568,340,2178.51,,,,
621977,2216,26.341,902,2180.21,,,,
622316,2217,10.402,339,2180.83,,,,
622671,2218,10.722,355,2183.98,,,,
623432,2219,22.685,761,2185.48,,,,
623688,2220,6.587,256,2185.99,,,,
623858,2221,3.895,170,2186.38,,,,
624038,2222,4.151,180,2186.71,,,,
624473,2223,13.714,435,2187.48,,,,
625025,2224,16.635,552,2191.04,,,,
625306,2225,7.243,281,2191.63,,,,
626071,2226,23.919,765,2193.15,,,,
626470,2227,12.236,399,2193.84,,,,
627016,2228,16.755,546,2197.57,,,,
628016,2229,28.018,1000,2199.73,,,,
628748,2230,22.348,732,2203.82,,,,
629275,2231,15.53,527,2204.98,,,,
630202,2232,26.686,927,2216.54,,,,
630497,2233,9.105,295,2217.15,,,,
631247,2234,22.375,750,2221.24,,,,
632247,2235,28.06,1000,2223.15,,,,
632876,2236,19.464,629,2226.45,,,,
633311,2237,12.866,435,2227.26,,,,
634311,2238,28.665,1000,2229.04,,,,
635311,2239,28.99,1000,2232.76,,,,
636311,2240,28.334,1000,2234.51,,,,
637311,2241,29.524,1000,2238.38,,,,
637722,2242,12.677,411,2239.1,,,,
638469,2243,22.453,747,2240.39,,,,
638815,2244,10.657,346,2241.0,,,,
639136,2245,8.586,321,2243.79,,,,
639863,2246,21.431,727,2245.05,,,,
640142,2247,8.674,279,2253.48,,,,
640433,2248,8.585,291,2253.99,,,,
640821,2249,11.76,388,2254.68,,,,
641287,2250,14.184,466,2258.08,,,,
642287,2251,29.052,1000,2259.88,,,,
642559,2252,8.252,272,2260.35,,,,
643066,2253,15.742,507,2261.25,,,,
644066,2254,27.751,1000,2265.51,,,,
644712,2255,19.345,646,2266.66,,,,
645123,2256,12.554,411,2269.87,,,,
645724,2257,18.201,601,2270.93,,,,
646314,2258,17.999,590,2271.97,,,,
646634,2259,9.728,320,2272.54,,,,
647133,2260,15.516,499,2273.42,,,,
647625,2261,15.332,492,2276.88,,,,
647876,2262,7.269,251,2277.32,,,,
648244,2263,11.406,368,2277.97,,,,
649032,2264,24.322,788,2279.38,,,,
649278,2265,7.383,246,2282.39,,,,
649620,2266,10.672,342,2283.0,,,,
650126,2267,15.394,506,2287.92,,,,
650414,2268,8.412,288,2288.47,,,,
650900,2269,14.74,486,2289.29,,,,
651325,2270,12.636,425,2292.2,,,,
651632,2271,9.47,307,2292.71,,,,
651892,2272,7.754,260,2293.23,,,,
652163,2273,7.97,271,2293.74,,,,
652504,2274,10.598,341,2294.36,,,,
652845,2275,10.153,341,2294.96,,,,
653202,2276,11.077,357,2295.65,,,,
653572,2277,11.201,370,2298.31,,,,
654572,2278,29.455,1000,2300.11,,,,
654914,2279,10.35,342,2300.84,,,,
655583,2280,20.323,669,2304.6,,,,
655991,2281,12.536,408,2305.33,,,,
656288,2282,8.461,297,2305.94,,,,
656779,2283,14.514,491,2306.84,,,,
657070,2284,8.823,291,2307.38,,,,
657534,2285,14.392,464,2310.68,,,,
657843,2286,9.571,309,2311.27,,,,
658452,2287,18.702,609,2312.34,,,,
658911,2288,14.138,459,2313.27,,,,
659893,2289,29.455,982,2317.51,,,,
660265,2290,11.369,372,2327.04,,,,
660621,2291,11.036,356,2327.73,,,,
661126,2292,15.624,505,2328.83,,,,
661442,2293,9.676,316,2329.43,,,,
662442,2294,29.194,1000,2333.68,,,,
663442,2295,28.615,1000,2335.68,,,,
664186,2296,22.572,744,2339.56,,,,
664474,2297,8.701,288,2340.12,,,,
664893,2298,13.114,419,2340.95,,,,
665893,2299,29.541,1000,2345.37,,,,
666154,2300,7.802,261,2345.86,,,,
666426,2301,8.151,272,2346.36,,,,
666712,2302,8.681,286,2346.85,,,,
667216,2303,15.229,504,2347.8,,,,
667658,2304,13.826,442,2351.06,,,,
667991,2305,9.981,333,2351.69,,,,
668281,2306,8.663,290,2352.22,,,,
668812,2307,16.265,531,2353.24,,,,
669275,2308,14.308,463,2354.09,,,,
669729,2309,13.935,454,2357.4,,,,
670137,2310,12.543,408,2366.41,,,,
670370,2311,6.698,233,2366.83,,,,
670954,2312,18.209,584,2367.91,,,,
671246,2313,8.587,292,2368.48,,,,
671798,2314,16.964,552,2371.88,,,,
672475,2315,20.758,677,2373.11,,,,
672898,2316,12.908,423,2373.86,,,,
673335,2317,13.338,437,2374.68,,,,
674023,2318,21.455,688,2378.26,,,,
674386,2319,11.038,363,2378.95,,,,
674633,2320,7.118,247,2379.39,,,,
675021,2321,11.929,388,2380.12,,,,
675561,2322,16.452,540,2381.19,,,,
675861,2323,8.831,300,2383.62,,,,
676249,2324,11.759,388,2384.3,,,,
676887,2325,20.154,638,2385.45,,,,
677887,2326,30.421,1000,2387.29,,,,
678158,2327,7.019,271,2390.05,,,,
678592,2328,12.991,434,2390.82,,,,
679317,2329,21.3,725,2392.13,,,,
679486,2330,3.979,169,2392.49,,,,
680007,2331,15.702,521,2404.52,,,,
680321,2332,9.611,314,2405.09,,,,
680622,2333,9.036,301,2405.65,,,,
680988,2334,11.332,366,2406.3,,,,
681725,2335,22.419,737,2407.64,,,,
681946,2336,6.039,221,2408.06,,,,
682946,2337,28.008,1000,2412.21,,,,
683335,2338,11.654,389,2412.93,,,,
684237,2339,25.325,902,2416.84,,,,
685145,2340,26.523,908,2418.47,,,,
686145,2341,29.201,1000,2422.43,,,,
686478,2342,10.091,333,2423.01,,,,
686742,2343,6.925,264,2423.49,,,,
687742,2344,28.724,1000,2425.28,,,,
688405,2345,20.669,663,2428.76,,,,
688683,2346,8.393,278,2429.24,,,,
689045,2347,11.116,362,2429.88,,,,
689362,2348,9.653,317,2430.47,,,,
690128,2349,23.041,766,2440.31,,,,
690578,2350,13.961,450,2443.34,,,,
691218,2351,19.117,640,2444.44,,,,
691745,2352,16.04,527,2445.38,,,,
692745,2353,28.263,1000,2449.74,,,,
693745,2354,29.045,1000,2451.55,,,,
694076,2355,10.217,331,2452.13,,,,
695076,2356,28.571,1000,2455.97,,,,
696007,2357,26.196,931,2457.74,,,,
696467,2358,13.699,460,2460.44,,,,
697415,2359,29.736,948,2462.12,,,,
698029,2360,18.643,614,2463.25,,,,
699029,2361,28.726,1000,2467.62,,,,
699387,2362,10.869,358,2468.3,,,,
700387,2363,28.925,1000,2478.85,,,,
700677,2364,8.6,290,2481.98,,,,
700968,2365,8.442,291,2482.51,,,,
701305,2366,10.129,337,2483.09,,,,
702305,2367,30.373,1000,2484.9,,,,
702876,2368,16.659,571,2488.64,,,,
703227,2369,10.496,351,2489.3,,,,
703575,2370,10.807,348,2489.93,,,,
703942,2371,11.018,367,2490.6,,,,
704347,2372,12.516,405,2491.34,,,,
705119,2373,23.739,772,2494.97,,,,
705548,2374,13.261,429,2495.71,,,,
706044,2375,15.318,496,2496.57,,,,
706306,2376,7.633,262,2497.02,,,,
706568,2377,7.682,262,2499.54,,,,
706887,2378,9.593,319,2500.09,,,,
707482,2379,18.309,595,2501.09,,,,
708482,2380,28.69,1000,2502.86,,,,
709121,2381,18.323,639,2506.23,,,,
709692,2382,17.694,571,2507.21,,,,
710036,2383,10.555,344,2514.64,,,,
710406,2384,11.117,370,2515.29,,,,
710743,2385,10.298,337,2518.09,,,,
711150,2386,12.399,407,2518.81,,,,
711493,2387,10.47,343,2519.41,,,,
711895,2388,12.278,402,2520.13,,,,
712306,2389,12.668,411,2520.85,,,,
712907,2390,18.36,601,2524.07,,,,
713860,2391,29.256,953,2525.9,,,,
714124,2392,7.928,264,2526.37,,,,
714358,2393,6.611,234,2526.81,,,,
714661,2394,9.391,303,2527.4,,,,
715113,2395,13.857,452,2530.75,,,,
715552,2396,13.254,439,2531.58,,,,
716058,2397,15.502,506,2532.63,,,,
716569,2398,15.871,511,2533.62,,,,
716918,2399,10.696,349,2536.79,,,,
717125,2400,4.867,207,2537.16,,,,
717505,2401,10.652,380,2537.92,,,,
717999,2402,14.328,494,2538.89,,,,
718361,2403,11.051,362,2539.65,,,,
718819,2404,14.071,458,2540.51,,,,
719169,2405,10.763,350,2543.65,,,,
719919,2406,22.574,750,2545.19,,,,
720459,2407,16.538,540,2554.17,,,,
720741,2408,8.32,282,2554.67,,,,
721200,2409,13.475,459,2558.16,,,,
721544,2410,10.44,344,2558.85,,,,
722097,2411,16.695,553,2560.09,,,,
722682,2412,18.078,585,2561.36,,,,
723067,2413,11.748,385,2564.73,,,,
723352,2414,8.163,285,2565.23,,,,
724077,2415,22.21,725,2566.52,,,,
725077,2416,29.529,1000,2571.18,,,,
726076,2417,29.748,999,2573.2,,,,
727076,2418,30.095,1000,2577.93,,,,
727920,2419,24.564,844,2579.58,,,,
728338,2420,12.852,418,2580.36,,,,
728798,2421,13.913,460,2581.35,,,,
729185,2422,11.528,387,2584.4,,,,
729500,2423,9.808,315,2584.99,,,,
729859,2424,10.712,359,2585.61,,,,
730143,2425,8.033,284,2592.72,,,,
731025,2426,26.689,882,2594.27,,,,
732025,2427,30.367,1000,2597.91,,,,
732321,2428,9.086,296,2598.43,,,,
732701,2429,10.257,380,2599.09,,,,
733513,2430,24.416,812,2602.69,,,,
733836,2431,9.597,323,2603.24,,,,
734212,2432,11.313,376,2603.89,,,,
734590,2433,11.197,378,2604.55,,,,
735006,2434,12.529,416,2605.27,,,,
735339,2435,10.018,333,2608.18,,,,
735665,2436,9.565,326,2608.73,,,,
735893,2437,6.294,228,2609.13,,,,
736459,2438,17.005,566,2610.13,,,,
736808,2439,10.468,349,2610.74,,,,
737173,2440,11.152,365,2611.36,,,,
737507,2441,10.135,334,2614.3,,,,
738269,2442,23.258,762,2615.62,,,,
738580,2443,9.616,311,2616.18,,,,
739048,2444,14.538,468,2617.0,,,,
739488,2445,13.63,440,2620.24,,,,
739821,2446,10.199,333,2620.8,,,,
740178,2447,10.886,357,2629.38,,,,
740517,2448,10.101,339,2629.97,,,,
741161,2449,19.538,644,2631.09,,,,
742102,2450,28.468,941,2635.21,,,,
743053,2451,28.977,951,2636.85,,,,
743409,2452,10.63,356,2637.47,,,,
743840,2453,12.692,431,2640.82,,,,
744123,2454,8.525,283,2641.31,,,,
744688,2455,16.948,565,2642.26,,,,
744980,2456,8.779,292,2642.79,,,,
745296,2457,9.466,316,2643.33,,,,
746040,2458,21.934,744,2646.93,,,,
746842,2459,24.387,802,2648.35,,,,
747463,2460,19.231,621,2649.47,,,,
748463,2461,29.094,1000,2653.58,,,,
748843,2462,11.695,380,2654.28,,,,
749193,2463,10.706,350,2654.91,,,,
750066,2464,26.967,873,2667.39,,,,
750381,2465,9.079,315,2667.95,,,,
751381,2466,29.681,1000,2669.85,,,,
751852,2467,14.4,471,2673.0,,,,
752393,2468,16.8,541,2674.02,,,,
753305,2469,27.599,912,2675.81,,,,
753638,2470,10.186,333,2676.45,,,,
754593,2471,27.813,955,2680.71,,,,
755593,2472,28.299,1000,2682.69,,,,
756422,2473,25.274,829,2686.68,,,,
757155,2474,22.486,733,2688.17,,,,
757640,2475,14.017,485,2689.16,,,,
758375,2476,22.401,735,2692.76,,,,
758896,2477,16.251,521,2693.76,,,,
759259,2478,10.974,363,2694.48,,,,
760259,2479,29.104,1000,2707.43,,,,
760611,2480,10.951,352,2708.07,,,,
761611,2481,29.194,1000,2709.95,,,,
762611,2482,29.449,1000,2713.96,,,,
763611,2483,29.795,1000,2715.78,,,,
764247,2484,18.963,636,2719.25,,,,
764652,2485,12.361,405,2720.02,,,,
765652,2486,28.414,1000,2721.81,,,,
766188,2487,16.161,536,2724.74,,,,
767188,2488,29.57,1000,2726.57,,,,
767544,2489,10.877,356,2727.22,,,,
768544,2490,28.759,1000,2731.36,,,,
769104,2491,17.355,560,2732.36,,,,
769481,2492,11.393,377,2733.12,,,,
770481,2493,28.363,1000,2745.96,,,,
771081,2494,17.323,600,2747.05,,,,
772081,2495,29.165,1000,2748.89,,,,
772903,2496,24.982,822,2752.89,,,,
773371,2497,13.782,468,2753.77,,,,
773676,2498,8.976,305,2754.3,,,,
774029,2499,10.805,353,2754.93,,,,
775029,2500,28.93,1000,2759.23,,,,
775373,2501,10.847,344,2759.92,,,,
775916,2502,16.592,543,2760.92,,,,
776260,2503,10.199,344,2763.59,,,,
776507,2504,7.028,247,2764.02,,,,
776920,2505,12.638,413,2764.74,,,,
777310,2506,11.942,390,2765.46,,,,
777732,2507,12.999,422,2766.26,,,,
778185,2508,13.384,453,2767.04,,,,
778763,2509,17.581,578,2769.95,,,,
779083,2510,9.809,320,2770.52,,,,
779369,2511,8.145,286,2771.04,,,,
779674,2512,8.629,305,2771.58,,,,
780240,2513,17.031,566,2775.93,,,,
780500,2514,7.302,260,2778.25,,,,
781029,2515,15.927,529,2779.19,,,,
781281,2516,7.062,252,2779.66,,,,
782263,2517,28.664,982,2781.45,,,,
782543,2518,8.152,280,2783.94,,,,
782823,2519,8.197,280,2784.43,,,,
783244,2520,12.713,421,2785.16,,,,
783705,2521,13.71,461,2786.0,,,,
784067,2522,10.854,362,2786.65,,,,
784846,2523,23.189,779,2790.3,,,,
785287,2524,13.345,441,2791.11,,,,
785807,2525,15.821,520,2792.06,,,,
786065,2526,7.405,258,2792.53,,,,
786752,2527,20.783,687,2796.29,,,,
786922,2528,3.904,170,2796.6,,,,
787281,2529,10.94,359,2797.23,,,,
787784,2530,15.707,503,2798.19,,,,
788119,2531,9.727,335,2798.79,,,,
788506,2532,11.756,387,2801.94,,,,
789506,2533,29.208,1000,2803.82,,,,
790284,2534,24.101,778,2813.93,,,,
790855,2535,17.583,571,2817.46,,,,
791237,2536,11.631,382,2818.15,,,,
792237,2537,29.084,1000,2820.12,,,,
792513,2538,8.273,276,2820.62,,,,
792901,2539,11.548,388,2823.84,,,,
793294,2540,12.267,393,2824.52,,,,
794294,2541,28.664,1000,2826.36,,,,
795294,2542,29.734,1000,2830.78,,,,
795584,2543,8.853,290,2831.32,,,,
795942,2544,10.523,358,2831.96,,,,
796618,2545,20.563,676,2833.21,,,,
796815,2546,4.498,197,2835.68,,,,
797779,2547,28.492,964,2837.48,,,,
798779,2548,28.746,1000,2841.46,,,,
799363,2549,18.092,584,2842.5,,,,
799752,2550,11.572,389,2843.22,,,,
800124,2551,11.038,372,2851.59,,,,
800599,2552,14.03,475,2852.44,,,,
801207,2553,18.207,608,2855.33,,,,
801649,2554,13.424,442,2856.11,,,,
801930,2555,8.553,281,2856.62,,,,
802930,2556,29.199,1000,2860.38,,,,
803267,2557,10.162,337,2860.96,,,,
803590,2558,9.525,323,2861.54,,,,
804438,2559,25.935,848,2863.03,,,,
804916,2560,14.707,478,2866.11,,,,
805916,2561,29.538,1000,2867.9,,,,
806232,2562,9.628,316,2868.45,,,,
806609,2563,11.318,377,2869.12,,,,
806981,2564,11.052,372,2871.79,,,,
807252,2565,8.076,271,2872.28,,,,
807611,2566,10.798,359,2872.93,,,,
808058,2567,13.389,447,2873.77,,,,
808268,2568,5.725,210,2874.18,,,,
808512,2569,7.032,244,2874.61,,,,
808772,2570,7.91,260,2875.11,,,,
809152,2571,11.431,380,2877.89,,,,
809249,2572,1.836,97,2878.05,,,,
809663,2573,12.518,414,2878.75,,,,
810086,2574,13.047,423,2888.55,,,,
811086,2575,29.64,1000,2893.1,,,,
811558,2576,14.31,472,2893.95,,,,
811929,2577,11.185,371,2894.63,,,,
812296,2578,11.27,367,2895.39,,,,
813296,2579,30.141,1000,2899.75,,,,
813804,2580,15.953,508,2900.79,,,,
814331,2581,15.901,527,2901.86,,,,
814898,2582,17.483,567,2903.04,,,,
815898,2583,29.819,1000,2907.43,,,,
816644,2584,22.155,746,2908.88,,,,
817163,2585,15.961,519,2912.29,,,,
817690,2586,16.404,527,2913.23,,,,
818298,2587,18.466,608,2914.61,,,,
818658,2588,9.597,360,2915.47,,,,
819658,2589,29.508,1000,2920.22,,,,
819994,2590,10.316,336,2920.8,,,,
820380,2591,12.04,386,2930.57,,,,
820745,2592,11.273,365,2931.37,,,,
821071,2593,9.948,326,2931.98,,,,
821898,2594,24.955,827,2936.44,,,,
822181,2595,8.541,283,2936.95,,,,
822716,2596,15.603,535,2937.99,,,,
823716,2597,29.711,1000,2942.77,,,,
824716,2598,30.123,1000,2944.52,,,,
825083,2599,11.244,367,2945.16,,,,
825376,2600,8.752,293,2947.89,,,,
825946,2601,17.879,570,2948.89,,,,
826234,2602,8.398,288,2949.42,,,,
826864,2603,18.338,630,2950.52,,,,
827184,2604,9.897,320,2951.08,,,,
828184,2605,28.861,1000,2954.97,,,,
828642,2606,13.738,458,2955.78,,,,
829357,2607,21.129,715,2957.03,,,,
829857,2608,15.233,500,2960.05,,,,
830725,2609,26.761,868,2969.61,,,,
831084,2610,10.857,359,2970.23,,,,
832084,2611,29.528,1000,2974.36,,,,
832566,2612,14.917,482,2975.19,,,,
833511,2613,28.941,945,2976.83,,,,
833831,2614,9.565,320,2979.95,,,,
834377,2615,16.782,546,2980.88,,,,
835377,2616,29.743,1000,2982.6,,,,
835737,2617,11.073,360,2985.77,,,,
836188,2618,13.752,451,2986.57,,,,
836436,2619,7.203,248,2986.99,,,,
836970,2620,15.759,534,2987.9,,,,
837345,2621,11.364,375,2988.58,,,,
837733,2622,12.235,388,2991.69,,,,
838693,2623,29.093,960,2993.35,,,,
838981,2624,8.405,288,2993.87,,,,
839916,2625,29.306,935,2998.13,,,,
840223,2626,8.504,307,3006.86,,,,
840596,2627,11.116,373,3007.52,,,,
840984,2628,11.493,388,3008.21,,,,
841984,2629,29.956,1000,3012.04,,,,
842654,2630,20.347,670,3013.29,,,,
843654,2631,29.171,1000,3015.32,,,,
843988,2632,10.274,334,3017.9,,,,
844324,2633,10.638,336,3018.56,,,,
844851,2634,16.135,527,3019.56,,,,
845142,2635,8.39,291,3020.1,,,,
845975,2636,24.994,833,3024.12,,,,
846975,2637,29.452,1000,3025.95,,,,
847385,2638,12.667,410,3026.76,,,,
848158,2639,24.013,773,3030.61,,,,
848442,2640,8.653,284,3031.13,,,,
848812,2641,11.114,370,3031.8,,,,
849151,2642,10.356,339,3032.47,,,,
849502,2643,10.662,351,3033.27,,,,
850028,2644,16.182,526,3045.59,,,,
851028,2645,29.26,1000,3047.55,,,,
851366,2646,10.421,338,3048.26,,,,
851587,2647,6.132,221,3048.71,,,,
852002,2648,12.87,415,3051.94,,,,
852455,2649,13.893,453,3052.81,,,,
853208,2650,23.057,753,3054.31,,,,
854208,2651,29.727,1000,3058.52,,,,
854663,2652,14.097,455,3059.37,,,,
855663,2653,28.907,1000,3061.42,,,,
856663,2654,29.578,1000,3065.71,,,,
857047,2655,11.514,384,3066.4,,,,
857391,2656,10.274,344,3067.03,,,,
857832,2657,13.552,441,3067.83,,,,
858192,2658,11.151,360,3070.93,,,,
858575,2659,11.874,383,3071.62,,,,
859471,2660,26.502,896,3073.28,,,,
859941,2661,13.767,470,3074.13,,,,
860326,2662,11.563,385,3085.54,,,,
861058,2663,22.352,732,3086.87,,,,
861492,2664,13.4,434,3087.71,,,,
862123,2665,19.03,631,3088.95,,,,
862830,2666,21.557,707,3092.77,,,,
863277,2667,13.676,447,3093.6,,,,
864277,2668,29.548,1000,3097.45,,,,
864585,2669,9.298,308,3098.08,,,,
864880,2670,8.65,295,3098.65,,,,
865428,2671,16.727,548,3099.66,,,,
866073,2672,19.586,645,3100.85,,,,
866448,2673,11.359,375,3103.38,,,,
867448,2674,29.474,1000,3105.12,,,,
867744,2675,8.499,296,3105.66,,,,
868423,2676,20.995,679,3109.31,,,,
869058,2677,18.587,635,3110.46,,,,
869305,2678,7.187,247,3110.89,,,,
869629,2679,9.121,324,3111.48,,,,
870419,2680,24.014,790,3123.66,,,,
871121,2681,20.802,702,3124.92,,,,
871382,2682,7.705,261,3125.37,,,,
871862,2683,14.102,480,3126.24,,,,
872317,2684,13.898,455,3127.08,,,,
872941,2685,18.528,624,3130.49,,,,
873864,2686,28.917,923,3132.16,,,,
874625,2687,22.613,761,3135.84,,,,
875261,2688,19.352,636,3136.97,,,,
875581,2689,9.547,320,3137.53,,,,
876581,2690,28.479,1000,3141.6,,,,
877028,2691,13.283,447,3142.39,,,,
877516,2692,14.875,488,3143.26,,,,
878342,2693,25.177,826,3144.75,,,,
879243,2694,27.566,901,3148.77,,,,
880112,2695,27.009,869,3158.78,,,,
880506,2696,12.001,394,3159.53,,,,
881025,2697,15.995,519,3163.01,,,,
881574,2698,16.933,549,3163.97,,,,
882063,2699,14.997,489,3164.85,,,,
882392,2700,10.151,329,3165.42,,,,
882775,2701,11.293,383,3168.62,,,,
883174,2702,12.383,399,3169.35,,,,
883628,2703,13.687,454,3170.19,,,,
884628,2704,28.79,1000,3171.98,,,,
884983,2705,10.415,355,3174.47,,,,
885903,2706,28.466,920,3176.17,,,,
886236,2707,9.353,333,3176.78,,,,
887145,2708,27.849,909,3180.35,,,,
887856,2709,22.209,711,3181.61,,,,
888856,2710,28.77,1000,3186.0,,,,
889184,2711,9.965,328,3186.59,,,,
889641,2712,13.878,457,3187.44,,,,
890087,2713,13.821,446,3197.21,,,,
891087,2714,29.377,1000,3201.74,,,,
892060,2715,29.648,973,3203.53,,,,
892180,2716,2.31,120,3203.75,,,,
893159,2717,29.048,979,3208.25,,,,
893819,2718,20.589,660,3209.51,,,,
894819,2719,29.38,1000,3211.38,,,,
895124,2720,9.093,305,3214.04,,,,
895525,2721,12.082,401,3214.75,,,,
896148,2722,19.079,623,3215.84,,,,
896539,2723,11.586,391,3216.53,,,,
897513,2724,29.412,974,3220.29,,,,
898396,2725,27.053,883,3221.82,,,,
898780,2726,11.828,384,3222.49,,,,
899023,2727,6.941,243,3222.91,,,,
899490,2728,14.33,467,3225.96,,,,
900490,2729,30.126,1000,3235.63,,,,
901490,2730,29.336,1000,3239.64,,,,
901920,2731,13.344,430,3240.4,,,,
902696,2732,23.663,776,3241.76,,,,
903092,2733,12.144,396,3242.52,,,,
903460,2734,10.864,368,3245.69,,,,
903855,2735,12.165,395,3246.5,,,,
904330,2736,14.268,475,3247.43,,,,
904707,2737,11.124,377,3248.26,,,,
905057,2738,10.875,350,3248.89,,,,
905579,2739,16.191,522,3252.35,,,,
906346,2740,23.835,767,3253.87,,,,
906570,2741,6.274,224,3254.32,,,,
907423,2742,26.184,853,3258.53,,,,
908182,2743,23.098,759,3260.03,,,,
908652,2744,14.353,470,3260.92,,,,
909062,2745,11.925,410,3261.69,,,,
909897,2746,25.446,835,3265.83,,,,
910343,2747,13.926,446,3276.31,,,,
910731,2748,11.671,388,3277.04,,,,
911580,2749,26.589,849,3281.35,,,,
911924,2750,10.611,344,3282.03,,,,
912214,2751,8.26,290,3282.52,,,,
912523,2752,9.606,309,3283.08,,,,
913120,2753,18.349,597,3284.36,,,,
913483,2754,11.283,363,3287.85,,,,
913749,2755,6.987,266,3288.47,,,,
914016,2756,7.778,267,3288.94,,,,
914389,2757,11.636,373,3289.87,,,,
915204,2758,25.168,815,3291.33,,,,
916204,2759,29.779,1000,3295.94,,,,
916829,2760,19.348,625,3297.38,,,,
917829,2761,28.632,1000,3301.93,,,,
918291,2762,14.212,462,3302.73,,,,
918589,2763,8.922,298,3303.26,,,,
918844,2764,7.268,255,3303.71,,,,
919255,2765,12.171,411,3304.43,,,,
919686,2766,13.478,431,3307.46,,,,
920290,2767,18.622,604,3316.54,,,,
920894,2768,18.422,604,3317.6,,,,
921323,2769,13.167,429,3318.36,,,,
921882,2770,17.034,559,3321.59,,,,
922433,2771,16.954,551,3322.56,,,,
922888,2772,14.14,455,3323.37,,,,
923272,2773,11.804,384,3324.01,,,,
923671,2774,11.803,399,3326.83,,,,
924172,2775,15.514,501,3327.75,,,,
925172,2776,29.712,1000,3329.49,,,,
925387,2777,5.928,215,3329.87,,,,
926387,2778,29.388,1000,3333.57,,,,
927387,2779,29.312,1000,3335.38,,,,
927840,2780,13.486,453,3338.64,,,,
928840,2781,29.457,1000,3340.4,,,,
929676,2782,25.423,836,3341.88,,,,
930676,2783,29.282,1000,3354.22,,,,
931676,2784,29.422,1000,3356.01,,,,
932653,2785,29.276,977,3360.36,,,,
933029,2786,11.452,376,3361.02,,,,
934029,2787,29.859,1000,3365.23,,,,
934419,2788,10.376,390,3365.93,,,,
934851,2789,11.954,432,3366.72,,,,
935322,2790,13.406,471,3367.59,,,,
936053,2791,21.607,731,3371.39,,,,
936703,2792,18.712,650,3372.6,,,,
937703,2793,28.666,1000,3374.5,,,,
937872,2794,4.118,169,3374.79,,,,
938872,2795,29.173,1000,3379.08,,,,
939216,2796,10.659,344,3379.76,,,,
940216,2797,28.32,1000,3392.66,,,,
940489,2798,7.464,273,3393.16,,,,
941489,2799,28.293,1000,3395.18,,,,
941866,2800,10.745,377,3395.92,,,,
942404,2801,15.708,538,3399.41,,,,
943404,2802,28.885,1000,3401.47,,,,
944038,2803,16.786,634,3402.81,,,,
944499,2804,13.15,461,3406.09,,,,
944803,2805,8.627,304,3406.65,,,,
945803,2806,29.115,1000,3408.7,,,,
946803,2807,27.41,1000,3412.91,,,,
947803,2808,28.282,1000,3414.93,,,,
948117,2809,9.742,314,3415.58,,,,
948637,2810,15.574,520,3418.89,,,,
948766,2811,2.552,129,3419.13,,,,
949044,2812,7.048,278,3419.67,,,,
950044,2813,28.521,1000,3430.17,,,,
950923,2814,26.135,879,3434.05,,,,
951243,2815,9.507,320,3434.57,,,,
951361,2816,2.25,118,3434.79,,,,
951472,2817,2.068,111,3435.01,,,,
952472,2818,28.84,1000,3439.2,,,,
953472,2819,28.215,1000,3441.06,,,,
953885,2820,11.555,413,3441.82,,,,
954472,2821,16.999,587,3444.82,,,,
955472,2822,29.242,1000,3446.61,,,,
956472,2823,28.633,1000,3450.35,,,,
956690,2824,6.078,218,3450.73,,,,
957609,2825,27.544,919,3452.41,,,,
958609,2826,28.544,1000,3456.57,,,,
958827,2827,6.159,218,3456.98,,,,
959478,2828,19.347,651,3458.23,,,,
960478,2829,29.765,1000,3468.83,,,,
961310,2830,25.452,832,3472.84,,,,
961607,2831,8.562,297,3473.36,,,,
962039,2832,12.956,432,3474.15,,,,
962757,2833,21.888,718,3477.9,,,,
963472,2834,21.01,715,3479.22,,,,
964472,2835,29.389,1000,3481.07,,,,
964869,2836,12.084,397,3484.17,,,,
965071,2837,5.519,202,3484.54,,,,
966071,2838,29.716,1000,3486.36,,,,
966556,2839,15.085,485,3487.25,,,,
966958,2840,12.285,402,3490.24,,,,
967958,2841,30.46,1000,3492.02,,,,
968958,2842,29.786,1000,3496.1,,,,
969251,2843,8.995,293,3496.62,,,,
969665,2844,12.388,414,3497.37,,,,
969877,2845,5.847,212,3497.75,,,,
970456,2846,17.489,579,3506.98,,,,
970792,2847,10.274,336,3509.82,,,,
971792,2848,30.481,1000,3511.6,,,,
972167,2849,11.348,375,3512.28,,,,
973167,2850,30.007,1000,3516.22,,,,
973743,2851,16.922,576,3517.35,,,,
974102,2852,10.495,359,3518.0,,,,
974592,2853,14.645,490,3518.91,,,,
975133,2854,16.432,541,3521.72,,,,
975778,2855,19.957,645,3522.91,,,,
976199,2856,12.635,421,3523.73,,,,
976593,2857,12.085,394,3524.44,,,,
977294,2858,21.777,701,3528.09,,,,
977883,2859,17.53,589,3529.16,,,,
978236,2860,10.631,353,3529.8,,,,
978876,2861,19.842,640,3530.94,,,,
979445,2862,17.396,569,3534.52,,,,
980427,2863,29.764,982,3544.9,,,,
981224,2864,24.682,797,3548.91,,,,
981935,2865,21.758,711,3550.2,,,,
982400,2866,14.497,465,3551.03,,,,
983400,2867,29.565,1000,3555.46,,,,
984400,2868,29.389,1000,3557.28,,,,
985400,2869,29.601,1000,3561.42,,,,
986400,2870,28.747,1000,3563.2,,,,
986766,2871,11.114,366,3563.84,,,,
987436,2872,20.086,670,3567.27,,,,
987993,2873,17.182,557,3568.26,,,,
988553,2874,16.473,560,3569.26,,,,
989030,2875,13.91,477,3570.13,,,,
989618,2876,17.739,588,3573.61,,,,
990618,2877,29.752,1000,3583.54,,,,
991194,2878,16.91,576,3584.58,,,,
991832,2879,19.204,638,3587.93,,,,
992832,2880,28.89,1000,3589.71,,,,
993386,2881,17.016,554,3592.61,,,,
994042,2882,19.521,656,3593.74,,,,
994757,2883,22.024,715,3595.04,,,,
995757,2884,28.278,1000,3598.72,,,,
996504,2885,22.315,747,3600.05,,,,
997428,2886,28.27,924,3604.03,,,,
998056,2887,19.129,628,3605.36,,,,
998425,2888,11.153,369,3606.14,,,,
999425,2889,28.95,1000,3610.56,,,,
1000425,2890,29.916,1000,3621.46,,,,
1001425,2891,29.544,1000,3623.53,,,,
