timestep,episode,episode_reward,episode_length,wall_time,critic_loss,actor_loss
1000,0,-218.67,1000,0.08,,
2000,1,-260.938,1000,0.17,,
3000,2,-341.754,1000,0.24,,
4000,3,-268.233,1000,0.32,,
5000,4,-225.997,1000,0.4,,
6000,5,-181.153,1000,0.48,,
7000,6,-501.61,1000,0.56,,
8000,7,-216.261,1000,0.64,,
9000,8,-243.172,1000,0.73,,
10000,9,-325.129,1000,0.81,,
11000,10,-351.235,1000,7.51,,
12000,11,-206.863,1000,7.62,,
13000,12,-228.044,1000,7.73,,
14000,13,-287.57,1000,7.83,,
15000,14,-403.913,1000,7.91,,
16000,15,-353.41,1000,7.99,,
17000,16,-176.59,1000,8.08,,
18000,17,-286.654,1000,8.18,,
19000,18,-334.573,1000,8.28,,
20000,19,-119.201,1000,8.36,,
21000,20,-287.532,1000,14.99,,
22000,21,-332.541,1000,15.07,,
23000,22,-228.999,1000,15.15,,
24000,23,-245.026,1000,15.24,,
25000,24,-326.828,1000,15.45,1.332366,
26000,25,-526.986,1000,22.95,0.477151,-0.330906
27000,26,-446.094,1000,30.16,0.543646,-0.745776
28000,27,-692.733,1000,37.26,0.802102,-1.078298
29000,28,-436.097,1000,44.44,1.09419,-1.079536
30000,29,-422.296,1000,51.92,1.452557,-1.603762
31000,30,-499.26,1000,65.4,1.805507,-2.501517
32000,31,-419.593,1000,72.67,2.098808,-3.511764
33000,32,-201.527,1000,79.67,2.382741,-4.690302
34000,33,-353.679,1000,87.09,2.683997,-6.043529
35000,34,-385.78,1000,94.35,2.9216,-7.252877
36000,35,-131.966,1000,101.57,3.250748,-8.40251
37000,36,-281.147,1000,108.67,3.457326,-9.325802
38000,37,699.189,1000,115.84,3.480541,-9.90382
39000,38,514.251,1000,123.21,3.475606,-10.878703
40000,39,1173.681,1000,130.41,3.376054,-11.519721
41000,40,1373.851,1000,142.77,3.441641,-12.739511
42000,41,1625.367,1000,150.68,3.571151,-13.980803
43000,42,1856.573,1000,158.02,3.796063,-15.542508
44000,43,791.122,1000,165.58,3.931167,-17.190183
45000,44,1787.306,1000,172.72,4.189468,-18.476004
46000,45,2007.697,1000,180.21,4.49447,-20.361636
47000,46,1945.317,1000,187.58,4.78102,-22.284723
48000,47,502.891,1000,194.94,5.100718,-24.080613
49000,48,899.061,1000,202.34,5.380826,-25.253715
50000,49,2402.791,1000,209.58,5.743248,-26.769208
51000,50,1516.726,1000,222.98,6.084516,-28.809325
52000,51,2451.602,1000,230.24,6.592256,-30.774174
53000,52,2650.075,1000,237.38,7.086919,-33.000815
54000,53,2879.0,1000,244.75,7.547768,-35.796886
55000,54,2328.331,1000,251.71,7.724251,-38.25394
56000,55,1502.577,1000,258.84,8.249137,-40.754867
57000,56,3007.897,1000,266.45,8.599947,-42.941949
58000,57,2085.065,1000,274.05,8.88426,-45.561158
59000,58,3021.788,1000,281.51,9.258075,-48.136531
60000,59,3083.494,1000,288.25,9.759343,-50.790621
61000,60,2928.218,1000,302.02,9.871689,-53.750572
62000,61,3232.277,1000,309.28,10.195114,-56.616467
63000,62,3188.135,1000,316.54,10.626604,-60.417329
64000,63,3407.641,1000,323.2,10.773333,-63.207229
65000,64,3154.023,1000,330.03,11.107878,-66.255741
66000,65,3213.214,1000,337.12,11.580661,-69.528387
67000,66,3433.474,1000,344.41,11.990921,-72.912476
68000,67,3247.518,1000,351.46,12.312018,-76.195135
69000,68,2736.253,1000,358.75,13.073399,-79.373721
70000,69,3536.934,1000,365.89,13.773898,-82.354344
71000,70,3705.934,1000,379.69,14.397141,-85.759654
72000,71,1881.484,1000,387.11,14.908976,-88.886023
73000,72,3475.863,1000,394.57,15.220258,-91.153189
74000,73,3858.179,1000,401.87,16.183516,-94.235305
75000,74,3649.09,1000,409.31,16.292645,-97.758479
76000,75,3384.214,1000,416.44,15.972447,-101.257537
77000,76,3571.338,1000,424.04,16.857084,-104.039083
78000,77,3828.834,1000,430.9,17.161315,-106.96366
79000,78,3939.488,1000,438.18,17.80127,-110.347191
80000,79,3839.641,1000,445.2,17.822203,-114.011142
81000,80,4265.501,1000,459.28,18.002424,-116.975062
82000,81,3948.022,1000,466.94,18.631548,-120.377867
83000,82,3780.637,1000,474.48,19.181185,-123.385661
84000,83,3756.288,1000,482.28,19.415107,-126.47927
85000,84,3905.383,1000,489.69,19.662434,-129.688718
86000,85,3742.056,1000,497.04,19.748324,-132.81847
87000,86,3948.767,1000,504.94,19.89918,-136.102057
88000,87,4090.469,1000,512.78,20.339347,-138.955428
89000,88,4161.995,1000,520.19,20.274827,-142.04188
90000,89,3661.831,1000,527.86,20.300156,-145.033794
91000,90,4333.383,1000,542.56,20.403335,-148.121701
92000,91,4224.706,1000,549.82,20.673816,-150.975951
93000,92,4425.572,1000,557.15,20.652982,-154.112538
94000,93,4420.703,1000,564.59,20.753505,-156.560353
95000,94,4381.162,1000,571.55,21.025476,-159.285765
96000,95,130.474,1000,578.85,21.104052,-161.513934
97000,96,4157.026,1000,586.29,21.1816,-162.326901
98000,97,4417.058,1000,593.83,21.696502,-165.182573
99000,98,4153.922,1000,601.09,21.404627,-168.071921
100000,99,4276.722,1000,608.28,21.900212,-170.915132
101000,100,4461.375,1000,622.96,22.110714,-173.158944
102000,101,4374.825,1000,630.54,22.019596,-175.850328
103000,102,4268.22,1000,638.1,22.291351,-178.663498
104000,103,4541.436,1000,645.64,22.528645,-181.11344
105000,104,4405.578,1000,653.31,22.917309,-183.733058
106000,105,4274.044,1000,660.48,22.678092,-186.759965
107000,106,4557.282,1000,667.86,23.197699,-188.92263
108000,107,4535.646,1000,675.36,22.633287,-190.937246
109000,108,4635.41,1000,682.72,22.955154,-193.678002
110000,109,4345.981,1000,689.82,23.144556,-196.293673
111000,110,4663.593,1000,704.71,22.45323,-198.486084
112000,111,4621.036,1000,712.13,22.315284,-200.981044
113000,112,4898.415,1000,718.96,22.628894,-203.051543
114000,113,4511.338,1000,725.78,21.960842,-205.480514
115000,114,4578.954,1000,732.79,22.194571,-208.03643
116000,115,1178.941,1000,739.89,23.020455,-209.553949
117000,116,4705.349,1000,747.31,22.786807,-210.614213
118000,117,4577.106,1000,754.54,22.737953,-212.709744
119000,118,3968.077,1000,762.03,22.883782,-214.333399
120000,119,4802.88,1000,769.47,23.514366,-216.308633
121000,120,4777.597,1000,782.2,23.157993,-218.523641
122000,121,4622.6,1000,789.53,23.585577,-220.297045
123000,122,4644.891,1000,796.43,23.247818,-222.179371
124000,123,4801.125,1000,803.75,23.874959,-224.58397
125000,124,4593.774,1000,811.1,23.479947,-225.724195
126000,125,4749.827,1000,818.44,24.386141,-228.023326
127000,126,4587.169,1000,825.74,23.967093,-229.933888
128000,127,4786.066,1000,832.86,23.933256,-231.758823
129000,128,4623.899,1000,839.95,24.238725,-233.689169
130000,129,4639.605,1000,847.03,24.148015,-235.22535
131000,130,4721.709,1000,859.78,24.045272,-237.254156
132000,131,5013.157,1000,867.36,24.421677,-238.922764
133000,132,4769.258,1000,875.04,24.091085,-240.561587
134000,133,4743.798,1000,882.56,23.887059,-242.010411
135000,134,4721.684,1000,890.3,23.39682,-243.715348
136000,135,4805.539,1000,898.16,23.847663,-245.593602
137000,136,4689.19,1000,905.64,23.815228,-247.355917
138000,137,4797.297,1000,913.45,23.302443,-248.638341
139000,138,4640.402,1000,920.97,23.68524,-250.533583
140000,139,4846.394,1000,928.67,23.146308,-252.176038
141000,140,4671.959,1000,942.37,23.512124,-254.433207
142000,141,4785.007,1000,949.82,23.256387,-255.070573
143000,142,4748.85,1000,957.46,23.152487,-257.262868
144000,143,4642.793,1000,965.31,23.255069,-257.899659
145000,144,4730.526,1000,972.91,23.08616,-259.97533
146000,145,4565.09,1000,979.57,23.254972,-261.052727
147000,146,4899.232,1000,987.15,22.620579,-262.024108
148000,147,4754.383,1000,994.96,22.714397,-263.947467
149000,148,4846.404,1000,1002.49,22.702237,-265.301739
150000,149,4856.547,1000,1009.39,22.929291,-266.609497
151000,150,4940.383,1000,1023.67,22.658895,-268.28981
152000,151,4968.338,1000,1031.03,22.947057,-269.603596
153000,152,5090.945,1000,1038.26,22.594976,-271.289307
154000,153,5008.419,1000,1045.59,22.534645,-272.8029
155000,154,4976.014,1000,1052.81,22.475453,-273.700998
156000,155,4712.896,1000,1060.07,23.14208,-275.039495
157000,156,5064.584,1000,1067.26,22.704589,-276.622181
158000,157,4930.319,1000,1074.6,22.388051,-278.00054
159000,158,4963.113,1000,1082.08,22.359144,-279.524388
160000,159,4943.892,1000,1089.58,22.243156,-279.999455
161000,160,4992.595,1000,1103.32,22.508123,-282.289621
162000,161,4769.641,1000,1110.66,22.387179,-282.545911
163000,162,5159.836,1000,1118.14,22.519139,-284.315303
164000,163,5032.53,1000,1125.62,22.417265,-285.578252
165000,164,5154.841,1000,1133.02,22.235243,-286.228476
166000,165,4885.904,1000,1140.04,21.960513,-287.693823
167000,166,5015.693,1000,1147.02,22.390089,-289.058864
168000,167,5050.955,1000,1153.9,21.967505,-289.949831
169000,168,5203.029,1000,1161.31,21.974682,-291.553606
170000,169,5182.038,1000,1168.88,21.904369,-292.248134
171000,170,5022.209,1000,1182.89,22.057723,-293.562921
172000,171,5153.341,1000,1190.24,21.657725,-294.602345
173000,172,5107.71,1000,1197.68,21.792445,-295.788111
174000,173,5216.403,1000,1204.84,21.895204,-297.374179
175000,174,4795.431,1000,1212.05,22.081747,-298.613235
176000,175,5056.894,1000,1219.26,22.448955,-299.150623
177000,176,5207.085,1000,1227.02,21.869982,-299.630748
178000,177,5366.102,1000,1234.65,22.420864,-301.715728
179000,178,5105.1,1000,1242.42,22.094799,-302.409286
180000,179,5221.823,1000,1249.89,22.135512,-303.353595
181000,180,5253.965,1000,1265.97,22.27409,-304.576022
182000,181,5122.687,1000,1273.58,22.604985,-305.269451
183000,182,5293.793,1000,1280.89,22.386378,-307.396495
184000,183,5438.839,1000,1288.11,22.792324,-308.2904
185000,184,5341.826,1000,1295.36,22.364584,-309.251656
186000,185,5386.642,1000,1302.63,22.618314,-310.547106
187000,186,5423.663,1000,1310.04,22.577549,-311.309354
188000,187,5386.347,1000,1317.29,23.41918,-312.082754
189000,188,5462.643,1000,1324.38,22.628635,-313.668292
190000,189,5563.997,1000,1331.46,22.980012,-315.013588
191000,190,5437.895,1000,1345.64,23.181504,-315.601472
192000,191,5380.866,1000,1353.35,22.937867,-317.346678
193000,192,5330.131,1000,1360.52,22.999198,-318.290151
194000,193,5404.144,1000,1368.11,23.069419,-319.066149
195000,194,5447.45,1000,1375.07,22.82691,-319.587018
196000,195,5431.486,1000,1381.8,22.689848,-320.593769
197000,196,5349.896,1000,1388.9,22.52592,-321.93751
198000,197,5296.013,1000,1396.11,22.59555,-323.685346
199000,198,5474.044,1000,1403.03,22.613988,-324.449293
200000,199,5539.858,1000,1410.06,22.650331,-325.152914
201000,200,5639.065,1000,1423.9,22.494469,-326.328855
202000,201,5471.175,1000,1431.42,22.272281,-327.118933
203000,202,5531.105,1000,1438.72,22.584186,-328.784692
204000,203,5574.81,1000,1445.92,22.356959,-329.300812
205000,204,5689.998,1000,1453.1,22.170873,-330.623187
206000,205,5492.953,1000,1460.53,22.444322,-331.70153
207000,206,5753.451,1000,1467.97,22.323249,-332.404986
208000,207,5741.866,1000,1475.05,22.648026,-333.296865
209000,208,5496.833,1000,1482.31,22.34963,-334.424128
210000,209,5800.765,1000,1489.42,22.276144,-334.669777
211000,210,5368.051,1000,1502.48,22.363435,-335.976981
212000,211,5701.488,1000,1509.63,22.301501,-337.637309
213000,212,5794.174,1000,1516.92,22.278475,-337.9347
214000,213,5586.935,1000,1524.12,22.831991,-338.874019
215000,214,5798.465,1000,1531.52,22.709225,-339.805319
216000,215,5530.985,1000,1538.97,22.728741,-341.286777
217000,216,5676.254,1000,1546.23,22.930552,-342.523539
218000,217,5415.936,1000,1553.72,22.835241,-342.772121
219000,218,5550.921,1000,1561.02,23.265413,-344.333501
220000,219,5274.993,1000,1568.32,22.820869,-345.089577
221000,220,5656.867,1000,1581.57,23.08945,-345.274762
222000,221,5790.686,1000,1589.15,23.011833,-346.323957
223000,222,5549.868,1000,1596.83,23.21609,-347.159704
224000,223,5813.393,1000,1604.36,22.96869,-347.980864
225000,224,5620.435,1000,1611.68,22.811533,-349.166478
226000,225,5774.7,1000,1619.25,22.925446,-350.370518
227000,226,5787.909,1000,1626.75,23.239243,-351.283245
228000,227,5744.661,1000,1634.13,22.901152,-352.056369
229000,228,5767.826,1000,1641.47,22.970941,-353.098103
230000,229,5694.458,1000,1648.87,23.116045,-353.599555
231000,230,5470.841,1000,1662.25,23.401656,-354.628501
232000,231,5716.935,1000,1669.67,23.424776,-355.322677
233000,232,5638.176,1000,1676.88,23.435897,-356.937041
234000,233,5667.785,1000,1683.9,23.409361,-357.897163
235000,234,5756.221,1000,1691.1,22.928641,-357.54971
236000,235,5716.651,1000,1698.4,23.204455,-358.143971
237000,236,5521.81,1000,1705.97,23.215904,-359.549739
238000,237,5958.756,1000,1713.63,23.384867,-360.025931
239000,238,5718.294,1000,1720.45,23.651605,-361.194715
240000,239,5642.916,1000,1728.05,23.322826,-362.116794
241000,240,5738.419,1000,1742.53,23.767864,-362.645764
242000,241,5850.183,1000,1749.72,23.289424,-363.796012
243000,242,5689.296,1000,1757.12,23.16727,-364.416858
244000,243,5938.468,1000,1764.35,23.289463,-364.747002
245000,244,5878.516,1000,1771.26,23.236398,-365.754542
246000,245,5711.461,1000,1778.5,23.240357,-366.784149
247000,246,5914.276,1000,1785.67,23.205358,-367.579503
248000,247,5824.919,1000,1792.63,22.997524,-368.688691
249000,248,5867.194,1000,1799.69,23.327165,-369.11465
250000,249,5890.37,1000,1806.87,23.219343,-369.859779
251000,250,6006.569,1000,1820.67,23.134726,-370.942179
252000,251,5723.888,1000,1827.87,23.219952,-371.498012
253000,252,5816.58,1000,1835.01,23.21016,-372.3802
254000,253,5831.81,1000,1841.93,23.273758,-373.13827
255000,254,6006.842,1000,1848.81,23.244856,-374.204563
256000,255,5862.829,1000,1855.96,23.013994,-374.642329
257000,256,6081.844,1000,1862.85,23.166551,-375.292234
258000,257,6075.202,1000,1869.94,22.953674,-376.086223
259000,258,5901.194,1000,1877.22,23.180346,-377.288652
260000,259,5732.389,1000,1884.56,23.007107,-377.506995
261000,260,5908.536,1000,1897.62,23.185113,-378.5682
262000,261,5868.264,1000,1905.09,23.232356,-379.228368
263000,262,5769.026,1000,1912.14,23.059714,-379.783409
264000,263,5899.049,1000,1919.19,23.193765,-380.261008
265000,264,5963.97,1000,1926.97,23.749478,-381.485428
266000,265,5874.219,1000,1934.65,23.358321,-382.035039
267000,266,5872.659,1000,1942.15,23.368979,-382.218124
268000,267,5882.08,1000,1949.62,23.255196,-383.869762
269000,268,6000.803,1000,1957.47,23.412076,-384.0324
270000,269,5785.957,1000,1965.04,23.329186,-384.373639
271000,270,6049.576,1000,1980.96,23.524124,-385.296736
272000,271,5881.372,1000,1988.42,23.632403,-386.361664
273000,272,5993.754,1000,1995.72,23.019552,-386.016255
274000,273,6197.214,1000,2003.02,23.403881,-387.104981
275000,274,6056.431,1000,2010.25,23.654498,-388.169685
276000,275,5913.934,1000,2017.76,23.577873,-388.134814
277000,276,6112.73,1000,2025.36,23.631503,-389.185169
278000,277,5816.551,1000,2032.34,23.159425,-390.023426
279000,278,5887.68,1000,2039.44,23.016251,-390.477261
280000,279,6023.56,1000,2046.78,23.705746,-390.675801
281000,280,6321.255,1000,2061.89,23.84724,-391.436633
282000,281,6087.712,1000,2069.64,23.507662,-391.985853
283000,282,6179.499,1000,2077.43,23.498289,-392.970609
284000,283,6055.514,1000,2084.95,23.71009,-393.334746
285000,284,6224.941,1000,2092.19,23.055556,-393.884495
286000,285,6203.212,1000,2099.85,23.260014,-395.260708
287000,286,6077.297,1000,2106.82,23.156827,-395.426097
288000,287,6043.448,1000,2113.77,23.463139,-395.707931
289000,288,6230.811,1000,2120.84,23.474374,-397.736931
290000,289,6042.686,1000,2128.15,23.277699,-397.254571
291000,290,6038.257,1000,2141.41,23.427388,-398.59877
292000,291,5914.083,1000,2148.1,23.403373,-398.413025
293000,292,6180.107,1000,2155.2,23.362187,-399.165745
294000,293,6385.033,1000,2162.68,23.177287,-400.062869
295000,294,6144.304,1000,2170.17,23.156642,-401.299942
296000,295,6185.057,1000,2177.49,23.217646,-401.569968
297000,296,6223.81,1000,2184.27,23.428015,-401.891958
298000,297,6100.993,1000,2191.31,23.625882,-402.255668
299000,298,6338.022,1000,2198.49,23.713777,-403.385765
300000,299,6445.158,1000,2205.72,23.461463,-403.516014
301000,300,6344.873,1000,2218.11,23.533272,-404.589044
302000,301,6165.675,1000,2225.15,22.995233,-405.442923
303000,302,6464.036,1000,2232.17,23.301,-405.835373
304000,303,6339.896,1000,2239.26,23.457843,-407.065187
305000,304,6346.67,1000,2246.15,22.991973,-407.214459
306000,305,6152.839,1000,2252.85,23.292819,-407.922595
307000,306,6296.827,1000,2259.81,23.453823,-408.135174
308000,307,6244.285,1000,2266.76,23.89873,-409.168016
309000,308,6316.589,1000,2273.83,23.368032,-409.61776
310000,309,6174.986,1000,2280.63,24.138673,-410.340317
311000,310,6187.801,1000,2293.22,23.370823,-410.808626
312000,311,6294.909,1000,2300.68,23.354793,-411.32047
313000,312,6461.525,1000,2308.18,23.495585,-411.780429
314000,313,6376.13,1000,2315.85,23.450925,-412.209024
315000,314,6192.269,1000,2323.57,23.702668,-413.397361
316000,315,6215.317,1000,2331.38,23.49806,-413.052339
317000,316,6445.287,1000,2338.85,23.511087,-413.646642
318000,317,6340.598,1000,2346.34,23.658188,-414.404563
319000,318,6501.288,1000,2353.77,23.298361,-415.577959
320000,319,6388.166,1000,2361.23,23.549038,-415.875227
321000,320,6303.711,1000,2374.76,23.468233,-416.0462
322000,321,6562.904,1000,2382.08,23.858524,-416.820436
323000,322,6407.213,1000,2389.42,23.399921,-417.689688
324000,323,6424.291,1000,2396.32,23.70029,-418.50703
325000,324,6494.264,1000,2402.97,23.597308,-418.598915
326000,325,6517.67,1000,2409.82,23.541687,-419.8072
327000,326,6703.927,1000,2416.8,23.260622,-420.355643
328000,327,6457.032,1000,2423.84,23.645425,-421.600126
329000,328,6559.294,1000,2430.92,23.726801,-421.731479
330000,329,6563.765,1000,2438.27,23.995578,-422.189299
331000,330,6417.276,1000,2453.06,23.798244,-422.336308
332000,331,6469.35,1000,2460.11,24.05193,-423.831442
333000,332,6618.35,1000,2467.48,23.943535,-424.14292
334000,333,6524.792,1000,2474.69,23.828713,-424.40645
335000,334,6651.141,1000,2481.88,23.358122,-425.700731
336000,335,6428.82,1000,2489.0,23.787677,-426.12801
337000,336,6604.63,1000,2496.38,23.983579,-426.903524
338000,337,6503.21,1000,2503.53,24.142103,-427.838968
339000,338,6645.098,1000,2510.92,23.814064,-428.262041
340000,339,6627.484,1000,2518.13,23.710502,-429.040224
341000,340,6592.023,1000,2531.8,24.207908,-429.789308
342000,341,6696.561,1000,2539.52,23.655268,-430.034725
343000,342,6712.839,1000,2547.24,23.940091,-430.728468
344000,343,6615.0,1000,2554.79,24.012535,-431.469983
345000,344,6605.43,1000,2562.05,23.9827,-431.897586
346000,345,6780.911,1000,2569.05,24.211632,-433.362904
347000,346,6803.615,1000,2576.41,23.839681,-432.777602
348000,347,6758.9,1000,2583.66,24.157936,-434.630826
349000,348,6691.034,1000,2590.87,23.965986,-434.638698
350000,349,6691.599,1000,2598.11,23.797876,-435.459737
351000,350,6800.632,1000,2612.05,23.992245,-436.614987
352000,351,6792.65,1000,2619.58,24.410283,-436.649847
353000,352,6800.269,1000,2626.95,24.635479,-437.536056
354000,353,6730.286,1000,2634.24,24.581918,-438.51434
355000,354,6946.133,1000,2641.47,24.226969,-438.778524
356000,355,6758.201,1000,2648.59,24.237304,-439.501734
357000,356,6814.168,1000,2655.81,24.244668,-440.229496
358000,357,6718.573,1000,2663.22,24.316129,-440.943818
359000,358,6898.023,1000,2670.72,24.483444,-441.997853
360000,359,6791.767,1000,2678.24,24.226988,-441.973499
361000,360,6753.415,1000,2691.97,24.285782,-442.688777
362000,361,6863.011,1000,2699.73,24.848677,-443.736812
363000,362,6904.445,1000,2706.99,24.788119,-444.652483
364000,363,6932.728,1000,2713.73,24.601314,-444.173478
365000,364,7065.67,1000,2721.02,24.881758,-445.468303
366000,365,6895.102,1000,2728.27,24.82894,-445.509334
367000,366,6947.505,1000,2735.65,24.927231,-446.717445
368000,367,6997.686,1000,2743.08,24.992811,-447.477796
369000,368,7112.681,1000,2750.55,24.710065,-448.177953
370000,369,6933.627,1000,2757.9,25.067341,-448.52131
371000,370,7160.783,1000,2774.2,25.074168,-449.988548
372000,371,7082.46,1000,2781.68,25.093779,-450.635181
373000,372,7146.948,1000,2789.59,25.123517,-450.591601
374000,373,7091.265,1000,2797.38,25.22764,-451.273269
375000,374,6839.901,1000,2805.05,25.212096,-452.560853
376000,375,7355.93,1000,2812.54,25.694612,-452.21581
377000,376,6832.103,1000,2819.73,25.333084,-453.281194
378000,377,6977.576,1000,2826.93,25.693931,-454.42115
379000,378,6868.585,1000,2834.3,25.449177,-455.071623
380000,379,6927.019,1000,2841.72,25.907633,-455.625212
381000,380,7106.361,1000,2855.3,25.464667,-456.322152
382000,381,7226.615,1000,2862.59,25.903986,-457.325024
383000,382,7250.252,1000,2869.98,25.935257,-457.196385
384000,383,7093.189,1000,2877.18,25.979068,-459.278785
385000,384,6966.824,1000,2884.06,26.001635,-458.741787
386000,385,6989.806,1000,2890.9,26.077175,-459.647425
387000,386,7214.09,1000,2897.72,25.971702,-460.523845
388000,387,6778.527,1000,2904.55,26.067003,-461.494257
389000,388,6961.512,1000,2911.16,25.986601,-461.201495
390000,389,7147.454,1000,2917.92,26.581697,-462.208394
391000,390,6748.407,1000,2930.72,26.157207,-462.825348
392000,391,6926.863,1000,2937.37,26.559669,-463.530835
393000,392,7146.413,1000,2944.13,26.097303,-464.141873
394000,393,7122.616,1000,2950.84,26.144598,-465.029272
395000,394,7183.523,1000,2957.6,26.225038,-465.602139
396000,395,7163.3,1000,2964.61,26.228776,-466.153366
397000,396,7102.087,1000,2971.13,26.54529,-467.297709
398000,397,7101.68,1000,2977.3,26.02938,-467.575281
399000,398,6934.826,1000,2984.14,26.065214,-468.397169
400000,399,7307.059,1000,2990.66,25.988965,-469.256404
401000,400,7034.253,1000,3003.33,26.246769,-469.058633
402000,401,6996.707,1000,3010.25,26.354365,-470.160445
403000,402,7012.827,1000,3017.22,26.145709,-469.881448
404000,403,7134.96,1000,3024.73,26.215236,-471.33118
405000,404,7066.956,1000,3032.32,26.305849,-471.653632
406000,405,7032.057,1000,3040.16,25.980637,-472.30023
407000,406,7351.699,1000,3047.72,26.170589,-473.067024
408000,407,7111.979,1000,3055.34,26.395153,-473.345806
409000,408,7142.433,1000,3062.82,26.317468,-473.768027
410000,409,7119.974,1000,3070.17,26.258238,-474.645645
411000,410,7270.586,1000,3085.18,26.204642,-475.12367
412000,411,7033.754,1000,3092.62,26.047842,-475.869935
413000,412,7030.22,1000,3100.11,26.323859,-476.215683
414000,413,7363.624,1000,3107.61,26.102702,-476.776889
415000,414,7172.949,1000,3115.13,26.218033,-478.193345
416000,415,7191.266,1000,3122.45,26.473458,-477.950296
417000,416,7188.372,1000,3129.32,26.420665,-478.917093
418000,417,7183.385,1000,3135.9,26.254871,-479.66927
419000,418,7280.56,1000,3143.42,26.560312,-480.196749
420000,419,7271.961,1000,3151.24,26.22846,-480.693731
421000,420,7223.66,1000,3167.19,26.620635,-480.020476
422000,421,7081.757,1000,3174.29,26.865153,-480.992836
423000,422,7185.575,1000,3181.7,26.420479,-481.925581
424000,423,7243.978,1000,3188.92,26.714121,-482.150705
425000,424,7178.396,1000,3196.37,26.599425,-482.673598
426000,425,7168.757,1000,3203.46,26.511951,-483.924833
427000,426,7093.709,1000,3210.66,26.436408,-483.786652
428000,427,7205.401,1000,3217.89,26.622565,-484.430201
429000,428,7462.222,1000,3225.44,26.81612,-484.663809
430000,429,7430.244,1000,3232.64,26.475165,-485.001963
431000,430,7097.924,1000,3246.6,26.42566,-485.530861
432000,431,7166.22,1000,3254.11,26.605545,-486.230531
433000,432,7263.624,1000,3261.57,26.838674,-486.86958
434000,433,7241.384,1000,3268.93,26.456977,-487.48538
435000,434,7369.594,1000,3276.08,26.598392,-487.329662
436000,435,7199.318,1000,3283.36,26.610624,-487.943987
437000,436,7088.255,1000,3290.88,26.696759,-489.108735
438000,437,7049.7,1000,3298.06,26.440577,-489.250888
439000,438,7288.291,1000,3305.42,26.841092,-490.050543
440000,439,7184.236,1000,3312.55,26.65786,-490.07748
441000,440,7492.19,1000,3325.83,26.465804,-491.279086
442000,441,7508.383,1000,3333.06,26.120166,-491.893635
443000,442,7338.431,1000,3340.29,26.743822,-491.867699
444000,443,7243.203,1000,3347.55,26.629329,-491.699995
445000,444,7306.121,1000,3354.82,26.707887,-493.219263
446000,445,7371.683,1000,3362.1,26.779659,-493.218328
447000,446,7152.308,1000,3369.35,26.467835,-493.38927
448000,447,7311.055,1000,3376.79,26.217809,-493.929926
449000,448,7382.383,1000,3384.43,26.627817,-494.320521
450000,449,7459.644,1000,3391.98,26.404641,-494.815218
451000,450,7416.831,1000,3408.08,26.728799,-495.805858
452000,451,7396.082,1000,3415.28,26.326099,-496.236404
453000,452,7189.853,1000,3421.8,26.541701,-496.314072
454000,453,7370.834,1000,3429.1,26.628042,-496.731993
455000,454,7287.702,1000,3436.65,26.522143,-497.47953
456000,455,7098.932,1000,3443.39,26.284861,-497.315797
457000,456,7367.702,1000,3450.81,26.515653,-498.145071
458000,457,7413.207,1000,3458.3,26.471299,-499.209918
459000,458,7508.64,1000,3465.65,26.49914,-498.677752
460000,459,7304.886,1000,3472.82,26.044725,-500.1568
461000,460,7226.615,1000,3488.48,25.937979,-499.570029
462000,461,7344.169,1000,3496.02,26.037834,-500.911408
463000,462,7262.338,1000,3503.42,26.296594,-500.703067
464000,463,7343.877,1000,3511.11,26.166093,-501.058322
465000,464,7303.141,1000,3518.56,25.810974,-501.541181
466000,465,7368.817,1000,3526.43,26.46281,-502.216464
467000,466,7434.098,1000,3533.54,26.235206,-502.738432
468000,467,7460.212,1000,3540.9,26.129615,-503.099702
469000,468,7337.877,1000,3548.33,25.936089,-503.595979
470000,469,7512.323,1000,3555.31,26.044552,-503.770014
471000,470,7178.0,1000,3568.64,26.146627,-503.723868
472000,471,7483.474,1000,3575.99,26.338404,-504.227129
473000,472,7418.938,1000,3583.34,26.225216,-504.733006
474000,473,7345.23,1000,3590.56,25.676386,-504.960277
475000,474,7412.787,1000,3597.73,25.937323,-505.750299
476000,475,7216.231,1000,3604.98,26.010178,-506.322524
477000,476,7528.308,1000,3612.25,26.359283,-506.89939
478000,477,7427.957,1000,3619.76,26.019953,-506.48695
479000,478,7335.635,1000,3626.68,26.052344,-507.654907
480000,479,7574.745,1000,3633.62,26.065131,-507.093245
481000,480,7502.059,1000,3647.26,26.074523,-507.939697
482000,481,7530.905,1000,3654.76,25.871952,-508.802285
483000,482,7515.088,1000,3661.79,25.870576,-508.651823
484000,483,7436.741,1000,3668.65,25.639682,-509.327819
485000,484,7440.567,1000,3675.85,25.979669,-509.325382
486000,485,7314.508,1000,3683.2,25.680573,-509.901639
487000,486,7461.916,1000,3690.33,25.912649,-510.647723
488000,487,7426.764,1000,3697.72,25.909235,-510.568954
489000,488,7484.15,1000,3704.58,25.795525,-510.979507
490000,489,7225.553,1000,3711.81,25.749119,-511.642522
491000,490,7300.971,1000,3725.27,25.640076,-511.373345
492000,491,7443.564,1000,3732.59,25.973952,-511.734194
493000,492,7349.915,1000,3740.45,26.10263,-512.234131
494000,493,7328.043,1000,3748.14,25.987875,-512.309061
495000,494,7469.974,1000,3755.58,25.835523,-513.282387
496000,495,7506.411,1000,3763.15,25.548721,-512.986529
497000,496,7455.805,1000,3770.47,25.676187,-513.97881
498000,497,7457.65,1000,3777.96,25.678148,-514.108179
499000,498,7654.166,1000,3785.49,25.621768,-514.288393
500000,499,7630.605,1000,3792.78,26.059941,-514.733221
501000,500,7455.769,1000,3807.6,25.685393,-515.283514
502000,501,7589.497,1000,3814.98,25.81851,-515.055546
503000,502,7529.321,1000,3822.54,26.121184,-516.167249
504000,503,7519.121,1000,3829.82,26.136022,-516.472267
505000,504,7610.922,1000,3836.87,25.729403,-516.50376
506000,505,7554.897,1000,3843.83,25.950529,-517.681918
507000,506,7602.828,1000,3850.64,26.180763,-517.697206
508000,507,7365.231,1000,3857.51,26.260968,-517.934041
509000,508,7496.933,1000,3864.95,26.195493,-518.65687
510000,509,7404.571,1000,3872.49,26.002603,-518.630604
511000,510,7566.556,1000,3887.22,25.749175,-518.935616
512000,511,7344.027,1000,3894.26,25.740074,-519.217419
513000,512,7350.053,1000,3901.34,25.738873,-519.117525
514000,513,7770.346,1000,3908.56,25.976943,-519.571942
515000,514,7517.723,1000,3915.73,25.576035,-520.231707
516000,515,7454.921,1000,3922.99,26.087093,-520.51109
517000,516,7303.118,1000,3930.0,26.052263,-520.399414
518000,517,7503.222,1000,3937.24,25.945269,-521.720598
519000,518,7483.278,1000,3944.45,25.973641,-521.341036
520000,519,7349.329,1000,3951.69,25.678557,-521.642543
521000,520,7334.83,1000,3965.47,25.612502,-522.308986
522000,521,7233.324,1000,3972.61,25.846717,-522.069004
523000,522,7420.513,1000,3979.78,25.812034,-522.08084
524000,523,7569.36,1000,3986.71,25.800824,-522.931866
525000,524,7567.244,1000,3994.13,26.028839,-522.608281
526000,525,7622.826,1000,4001.65,25.58043,-523.473181
527000,526,7386.65,1000,4008.78,25.554716,-523.957867
528000,527,7447.559,1000,4016.01,25.937107,-524.574276
529000,528,7574.889,1000,4023.57,25.816966,-524.391284
530000,529,7493.636,1000,4030.98,25.603077,-524.885358
531000,530,7353.219,1000,4044.52,25.57223,-525.190638
532000,531,7612.093,1000,4051.98,25.624365,-525.126197
533000,532,7700.146,1000,4059.16,25.710314,-526.306882
534000,533,7561.395,1000,4066.32,25.618529,-525.981065
535000,534,7707.846,1000,4073.63,25.874402,-525.906888
536000,535,7481.649,1000,4080.98,25.278781,-527.144163
537000,536,7593.197,1000,4088.38,25.582339,-527.107144
538000,537,7659.999,1000,4095.49,25.795009,-527.325673
539000,538,7505.034,1000,4102.84,26.008664,-527.330799
540000,539,7573.412,1000,4110.15,25.538363,-527.960561
541000,540,7532.857,1000,4124.67,25.650789,-527.694742
542000,541,7670.504,1000,4131.44,25.448644,-528.124351
543000,542,7602.931,1000,4138.71,25.481226,-529.105389
544000,543,7348.521,1000,4145.77,25.672657,-529.257619
545000,544,7486.97,1000,4152.98,25.664165,-529.602228
546000,545,7736.74,1000,4160.54,25.433751,-529.706474
547000,546,7621.901,1000,4167.8,25.493403,-530.237259
548000,547,7608.417,1000,4175.15,24.994934,-530.382838
549000,548,7784.415,1000,4182.29,25.290613,-530.70688
550000,549,7515.462,1000,4189.8,25.35132,-531.394737
551000,550,7615.962,1000,4203.39,25.63611,-532.225985
552000,551,7510.072,1000,4210.08,25.418786,-531.090394
553000,552,7677.285,1000,4217.01,25.068689,-531.915953
554000,553,7539.818,1000,4224.6,25.541842,-531.909246
555000,554,7684.365,1000,4232.1,25.369815,-532.39953
556000,555,7451.033,1000,4239.7,25.102413,-532.693803
557000,556,7531.9,1000,4247.22,25.083019,-533.140466
558000,557,7556.398,1000,4254.35,25.153786,-532.915755
559000,558,7508.47,1000,4261.57,25.238874,-534.043552
560000,559,7495.554,1000,4268.39,25.677221,-533.932698
561000,560,7270.864,1000,4281.68,25.38899,-534.418429
562000,561,7721.423,1000,4288.77,25.142669,-534.753152
563000,562,7755.359,1000,4295.96,25.283715,-535.223113
564000,563,7611.969,1000,4302.79,25.526781,-535.701972
565000,564,7489.276,1000,4310.08,25.377053,-535.959743
566000,565,7520.428,1000,4317.18,25.69927,-536.518457
567000,566,7696.044,1000,4324.19,25.569664,-536.37203
568000,567,7594.091,1000,4331.14,25.430085,-536.360651
569000,568,7463.305,1000,4338.15,25.135086,-536.394711
570000,569,7431.858,1000,4345.35,25.153592,-537.559561
571000,570,7554.453,1000,4358.91,25.202501,-536.680755
572000,571,7570.406,1000,4366.11,25.364041,-538.0169
573000,572,7559.049,1000,4372.77,25.174358,-537.89709
574000,573,7713.074,1000,4380.38,25.208984,-538.311047
575000,574,7594.308,1000,4387.46,24.948656,-538.617218
576000,575,7724.197,1000,4394.43,25.145253,-539.323944
577000,576,7731.437,1000,4401.78,24.995909,-539.374977
578000,577,7816.473,1000,4408.91,24.714621,-539.257523
579000,578,7739.4,1000,4416.32,25.055587,-540.106692
580000,579,7618.783,1000,4423.66,25.177629,-539.454267
581000,580,7664.077,1000,4437.29,24.767501,-539.646682
582000,581,7741.693,1000,4444.69,25.051508,-540.273128
583000,582,7644.958,1000,4452.31,24.981878,-540.989659
584000,583,7632.719,1000,4459.54,24.971908,-541.158823
585000,584,7552.807,1000,4467.04,25.28369,-540.9442
586000,585,7500.49,1000,4474.43,25.03297,-542.221894
587000,586,7527.6,1000,4482.12,25.342184,-542.078824
588000,587,7604.153,1000,4489.31,25.262448,-542.278072
589000,588,7636.779,1000,4496.58,25.158648,-542.746078
590000,589,7541.942,1000,4503.97,25.176234,-542.791224
591000,590,7827.408,1000,4517.96,25.160795,-543.544357
592000,591,7793.318,1000,4525.22,25.112717,-543.227414
593000,592,7978.564,1000,4532.49,24.981964,-543.694023
594000,593,7705.6,1000,4539.79,25.248406,-543.683407
595000,594,7658.475,1000,4547.07,24.791034,-544.196702
596000,595,7666.151,1000,4553.8,24.94114,-544.761072
597000,596,7569.381,1000,4560.72,24.785959,-545.158018
598000,597,7611.099,1000,4567.71,25.277104,-545.442681
599000,598,7745.761,1000,4574.63,25.123729,-545.188225
600000,599,7536.536,1000,4581.73,24.791733,-545.551096
601000,600,7853.481,1000,4596.75,25.208522,-546.32814
602000,601,7683.591,1000,4604.53,25.037519,-546.508398
603000,602,7796.339,1000,4611.62,24.794583,-546.874588
604000,603,7677.187,1000,4618.65,24.851518,-546.752183
605000,604,7780.966,1000,4625.77,25.167084,-546.804392
606000,605,7640.804,1000,4632.77,24.740934,-548.09111
607000,606,7825.278,1000,4639.93,24.792473,-547.457561
608000,607,7850.637,1000,4647.05,24.623904,-548.175394
609000,608,7694.001,1000,4653.94,24.842496,-548.273737
610000,609,7419.375,1000,4661.16,24.648714,-548.459268
611000,610,7651.593,1000,4674.56,24.815963,-549.328351
612000,611,7638.349,1000,4681.72,25.043282,-548.813541
613000,612,7627.239,1000,4688.86,24.650148,-549.086088
614000,613,7547.448,1000,4695.94,24.855488,-550.187463
615000,614,7587.118,1000,4703.12,24.732677,-549.706101
616000,615,7661.226,1000,4710.06,24.510937,-550.40356
617000,616,7639.917,1000,4717.4,24.956123,-550.692589
618000,617,7617.731,1000,4724.6,24.914188,-550.203477
619000,618,7883.063,1000,4731.97,24.990521,-550.912177
620000,619,7812.39,1000,4739.11,24.856518,-551.35828
621000,620,7826.173,1000,4752.23,24.825159,-551.683508
622000,621,7571.077,1000,4759.5,24.961265,-551.431409
623000,622,7817.227,1000,4766.48,25.007539,-552.723237
624000,623,7680.802,1000,4773.33,24.308158,-552.812358
625000,624,7656.722,1000,4780.18,24.902779,-552.733552
626000,625,7577.445,1000,4787.17,24.959701,-552.95779
627000,626,7741.882,1000,4794.23,25.018612,-553.592635
628000,627,7784.403,1000,4801.05,24.60437,-554.124891
629000,628,7871.698,1000,4807.91,24.414205,-553.717547
630000,629,7820.14,1000,4814.6,24.356503,-554.391056
631000,630,7818.305,1000,4827.31,24.859975,-554.640414
632000,631,7752.902,1000,4834.59,24.585538,-554.766177
633000,632,7661.853,1000,4842.58,24.865765,-554.973573
634000,633,7698.284,1000,4850.34,24.759644,-555.529436
635000,634,7712.266,1000,4857.7,24.608178,-555.940925
636000,635,7791.522,1000,4865.14,24.581161,-555.642015
637000,636,7742.85,1000,4872.89,24.579358,-556.154479
638000,637,7732.755,1000,4880.56,24.300932,-555.940589
639000,638,7717.396,1000,4887.81,24.542074,-556.175028
640000,639,7926.039,1000,4895.29,24.726245,-556.670738
641000,640,7884.442,1000,4908.67,24.424332,-557.306266
642000,641,7857.582,1000,4916.07,24.652217,-557.575943
643000,642,7800.973,1000,4923.35,24.956089,-558.083311
644000,643,7551.507,1000,4930.73,24.518637,-557.905403
645000,644,7751.449,1000,4938.18,24.417903,-558.054187
646000,645,7748.523,1000,4946.02,24.450011,-558.235894
647000,646,7648.803,1000,4953.54,24.468599,-558.685909
648000,647,7860.196,1000,4961.4,24.188817,-559.729658
649000,648,7605.237,1000,4969.18,24.627157,-559.005536
650000,649,7926.819,1000,4975.96,24.319071,-559.940948
651000,650,7815.768,1000,4989.99,24.447599,-560.100354
652000,651,7797.838,1000,4997.02,24.329918,-560.408673
653000,652,7940.889,1000,5004.42,24.342302,-560.609786
654000,653,7839.697,1000,5011.81,24.488506,-560.052862
655000,654,7727.368,1000,5019.19,24.020114,-560.915833
656000,655,7809.986,1000,5026.41,24.985182,-561.12133
657000,656,7917.025,1000,5034.02,24.308501,-561.190674
658000,657,7800.157,1000,5041.35,24.474131,-561.784206
659000,658,7993.723,1000,5048.78,24.351549,-561.842942
660000,659,7751.446,1000,5056.03,24.281592,-561.551064
661000,660,7859.415,1000,5070.18,24.177637,-562.774099
662000,661,7788.657,1000,5077.32,23.881816,-562.452438
663000,662,7837.652,1000,5084.69,24.252201,-562.574444
664000,663,7962.233,1000,5091.9,24.533454,-563.132161
665000,664,7885.812,1000,5099.05,24.392674,-563.186545
666000,665,7718.439,1000,5106.39,24.651609,-563.615719
667000,666,7977.245,1000,5113.44,24.327507,-564.070565
668000,667,7905.921,1000,5120.75,24.281754,-564.119532
669000,668,7880.389,1000,5127.83,24.071219,-564.722415
670000,669,7729.743,1000,5135.44,24.153622,-564.146919
671000,670,7836.985,1000,5149.16,24.19891,-565.009003
672000,671,7971.784,1000,5156.5,24.176138,-565.216865
673000,672,7851.092,1000,5163.99,24.058354,-565.167198
674000,673,7604.805,1000,5171.38,24.294284,-566.119282
675000,674,7970.521,1000,5178.95,24.446134,-565.99787
676000,675,7860.733,1000,5186.62,24.067732,-566.360786
677000,676,7712.65,1000,5194.59,24.331475,-565.983814
678000,677,7973.994,1000,5202.28,24.364536,-567.185084
679000,678,7917.433,1000,5210.24,24.274011,-567.167094
680000,679,7720.639,1000,5217.6,24.369985,-567.781487
681000,680,7645.63,1000,5233.88,24.164638,-567.707673
682000,681,7781.835,1000,5241.4,23.972715,-568.360952
683000,682,7919.036,1000,5248.85,23.96502,-568.060685
684000,683,7797.315,1000,5256.04,24.38551,-568.145815
685000,684,7813.302,1000,5263.27,24.299289,-568.972738
686000,685,7870.061,1000,5270.49,24.071864,-568.825434
687000,686,7831.658,1000,5277.73,24.361282,-568.875857
688000,687,7736.188,1000,5284.85,24.355031,-569.24314
689000,688,7736.133,1000,5292.06,24.378788,-569.702254
690000,689,7821.756,1000,5299.36,24.060215,-570.270766
691000,690,7984.382,1000,5315.46,23.827296,-570.2065
692000,691,7712.709,1000,5323.32,23.961286,-570.65678
693000,692,7860.361,1000,5330.77,24.383464,-571.384249
694000,693,7934.67,1000,5338.13,23.976165,-570.465037
695000,694,7893.62,1000,5345.36,24.243657,-570.821378
696000,695,7492.417,1000,5352.63,23.819664,-571.798452
697000,696,7903.493,1000,5359.73,24.03432,-571.926842
698000,697,7914.511,1000,5367.04,23.960537,-571.91011
699000,698,7812.344,1000,5374.26,24.027692,-572.083841
700000,699,7753.266,1000,5381.47,24.183778,-572.251182
701000,700,7888.214,1000,5394.92,23.954633,-572.749755
702000,701,7846.303,1000,5401.61,23.746484,-572.570837
703000,702,7996.495,1000,5408.87,23.919031,-573.067962
704000,703,7724.506,1000,5415.91,24.106586,-573.34899
705000,704,7947.123,1000,5423.35,24.366966,-573.758024
706000,705,7770.17,1000,5430.46,23.901559,-574.417271
707000,706,7767.232,1000,5437.55,24.302357,-574.648145
708000,707,7869.657,1000,5444.69,23.894146,-574.794946
709000,708,7928.689,1000,5451.94,24.025403,-574.508738
710000,709,7731.882,1000,5459.21,23.858328,-574.851195
711000,710,7816.781,1000,5473.11,23.803374,-574.98749
712000,711,7880.357,1000,5480.34,23.960036,-575.531635
713000,712,7999.169,1000,5487.91,23.653086,-575.507585
714000,713,7874.393,1000,5495.36,24.169606,-575.852475
715000,714,7889.182,1000,5502.92,23.820814,-575.932853
716000,715,7766.085,1000,5510.02,23.675079,-575.659738
717000,716,7899.109,1000,5517.16,23.866996,-576.921952
718000,717,7678.066,1000,5524.56,23.883418,-577.024188
719000,718,7970.358,1000,5531.88,23.614866,-577.569517
720000,719,7889.208,1000,5538.95,23.629362,-576.999908
721000,720,7935.307,1000,5553.98,23.662822,-577.233494
722000,721,7925.938,1000,5561.75,23.603776,-577.746507
723000,722,7853.628,1000,5568.94,23.815346,-577.907619
724000,723,7776.65,1000,5576.44,23.736947,-577.749361
725000,724,7987.827,1000,5583.96,23.754467,-578.360161
726000,725,8019.818,1000,5591.34,23.828318,-578.627196
727000,726,7898.137,1000,5598.47,23.80133,-578.278662
728000,727,8049.16,1000,5605.62,23.885536,-578.90244
729000,728,7859.499,1000,5612.7,23.67291,-579.673154
730000,729,7925.505,1000,5620.02,23.694384,-579.314715
731000,730,7988.393,1000,5632.9,23.742183,-579.223411
732000,731,7932.819,1000,5639.8,23.523949,-580.059863
733000,732,7975.489,1000,5646.68,23.836273,-579.998848
734000,733,8016.208,1000,5653.76,23.42619,-580.712964
735000,734,8019.769,1000,5661.24,23.092563,-580.59658
736000,735,7952.203,1000,5668.86,24.005007,-581.313714
737000,736,7832.697,1000,5676.4,23.396564,-581.715321
738000,737,7952.737,1000,5683.23,23.524914,-581.846496
739000,738,8132.153,1000,5690.42,23.560397,-581.48624
740000,739,7724.023,1000,5697.6,23.481676,-582.166741
741000,740,8151.228,1000,5711.62,23.479349,-582.800288
742000,741,8086.757,1000,5718.83,23.428739,-583.232126
743000,742,7981.457,1000,5726.18,23.167867,-582.949113
744000,743,7844.652,1000,5733.29,23.750152,-583.155632
745000,744,7780.562,1000,5740.14,23.585245,-582.788804
746000,745,7841.015,1000,5747.26,23.201547,-583.632427
747000,746,8025.652,1000,5754.6,23.50354,-583.784562
748000,747,7956.667,1000,5762.21,23.316176,-583.901035
749000,748,7839.979,1000,5769.68,23.860586,-584.189349
750000,749,7830.083,1000,5777.02,23.788753,-584.288341
751000,750,8049.556,1000,5790.93,23.559377,-584.57413
752000,751,8027.426,1000,5798.21,23.644143,-585.081455
753000,752,7788.111,1000,5805.51,23.63305,-584.342642
754000,753,7899.414,1000,5812.96,23.718071,-585.331878
755000,754,7871.942,1000,5820.22,24.225934,-585.990697
756000,755,7815.805,1000,5827.25,23.882519,-586.680141
757000,756,7860.39,1000,5834.84,23.663268,-585.375346
758000,757,8031.268,1000,5842.3,23.307005,-585.676206
759000,758,7865.421,1000,5849.61,23.649208,-585.658588
760000,759,7935.863,1000,5856.97,23.534788,-586.384294
761000,760,8078.372,1000,5871.46,23.377895,-586.717106
762000,761,7821.794,1000,5878.82,23.802871,-586.394942
763000,762,7861.58,1000,5885.99,23.733947,-586.536833
764000,763,8113.084,1000,5893.44,24.079186,-587.13782
765000,764,8079.279,1000,5900.72,23.859063,-587.477786
766000,765,7948.001,1000,5908.19,23.742208,-587.712924
767000,766,7601.353,1000,5915.7,23.745047,-588.326389
768000,767,7991.702,1000,5923.26,23.276428,-587.874511
769000,768,8008.365,1000,5931.1,23.494614,-587.804885
770000,769,7843.324,1000,5938.48,24.165416,-588.551969
771000,770,8082.694,1000,5954.02,23.594756,-589.102294
772000,771,7862.869,1000,5961.4,23.500033,-588.410376
773000,772,7906.962,1000,5968.46,23.59618,-588.757887
774000,773,7930.156,1000,5975.8,23.577083,-589.109669
775000,774,8025.217,1000,5983.12,23.497727,-589.749307
776000,775,8015.124,1000,5990.5,23.159394,-589.516019
777000,776,8094.699,1000,5997.62,23.51464,-590.168361
778000,777,7940.763,1000,6004.4,23.594345,-589.577677
779000,778,7937.041,1000,6011.64,23.538414,-590.313057
780000,779,7972.468,1000,6018.29,23.421168,-589.910205
781000,780,8002.953,1000,6032.34,23.443632,-590.022929
782000,781,8084.095,1000,6039.8,23.492346,-590.201466
783000,782,7825.534,1000,6047.22,23.558057,-590.783065
784000,783,7927.883,1000,6054.05,23.507799,-590.907451
785000,784,8000.884,1000,6061.15,23.360129,-591.126976
786000,785,7804.624,1000,6068.43,23.58747,-591.356275
787000,786,7897.59,1000,6075.6,23.23926,-591.497249
788000,787,8023.622,1000,6082.59,23.550703,-592.149791
789000,788,8031.924,1000,6089.92,23.240532,-591.667458
790000,789,7671.311,1000,6097.04,23.4823,-591.915829
791000,790,7992.62,1000,6110.24,23.15862,-592.085833
792000,791,8213.634,1000,6117.85,23.977831,-592.176685
793000,792,8054.47,1000,6125.3,23.440883,-592.809666
794000,793,8048.604,1000,6132.72,23.694814,-592.802141
795000,794,8012.067,1000,6140.08,23.72848,-592.815508
796000,795,7846.914,1000,6147.66,23.436277,-593.15503
797000,796,7664.399,1000,6155.24,23.391224,-593.295175
798000,797,8026.865,1000,6162.54,23.662891,-593.779754
799000,798,7974.458,1000,6169.95,23.202589,-593.775072
800000,799,7992.2,1000,6177.69,23.402899,-593.75954
801000,800,8155.047,1000,6191.32,23.475073,-594.359716
802000,801,8013.732,1000,6198.98,23.220488,-593.556099
803000,802,7959.257,1000,6206.43,23.546464,-594.296841
804000,803,8237.011,1000,6213.93,23.591237,-594.292316
805000,804,7947.7,1000,6221.53,23.671158,-593.969453
806000,805,8259.839,1000,6228.55,23.839783,-594.812801
807000,806,7998.443,1000,6235.91,23.602473,-595.172266
808000,807,7920.611,1000,6243.13,23.442877,-595.150076
809000,808,8194.898,1000,6250.25,23.535628,-594.917037
810000,809,7967.556,1000,6257.24,23.703532,-595.127571
811000,810,8293.771,1000,6271.97,23.580162,-594.8076
812000,811,8013.037,1000,6279.59,23.405438,-595.159711
813000,812,7947.196,1000,6287.26,23.525631,-596.239436
814000,813,8111.79,1000,6294.72,23.885294,-596.628257
815000,814,7959.299,1000,6302.24,23.628807,-595.526161
816000,815,8015.111,1000,6309.72,23.672758,-596.393894
817000,816,8087.596,1000,6317.25,23.515848,-596.442566
818000,817,8256.332,1000,6324.59,23.710851,-597.170832
819000,818,8119.113,1000,6332.13,23.833143,-597.178783
820000,819,8085.564,1000,6339.35,23.29242,-597.034555
821000,820,8091.966,1000,6353.22,23.437952,-597.008014
822000,821,8055.34,1000,6360.2,23.144066,-597.527488
823000,822,8015.05,1000,6367.16,23.716676,-597.050647
824000,823,8107.448,1000,6374.22,23.326981,-597.506893
825000,824,8114.762,1000,6381.91,23.097266,-598.256361
826000,825,8011.479,1000,6389.71,23.086191,-598.102771
827000,826,8117.486,1000,6396.77,23.313956,-598.297357
828000,827,8023.777,1000,6404.31,23.493582,-598.59629
829000,828,8291.477,1000,6411.82,23.221838,-598.923866
830000,829,8078.271,1000,6419.03,23.466546,-598.929646
831000,830,7890.711,1000,6432.67,23.095651,-599.613344
832000,831,8127.821,1000,6439.95,23.073059,-598.990337
833000,832,7911.792,1000,6446.9,23.538859,-598.90482
834000,833,8081.695,1000,6454.46,23.377699,-599.51931
835000,834,8072.287,1000,6462.14,23.253033,-599.647214
836000,835,8062.46,1000,6469.71,23.473998,-600.1813
837000,836,8001.913,1000,6477.16,23.047652,-600.37451
838000,837,8017.474,1000,6484.66,23.123288,-599.941786
839000,838,7974.828,1000,6492.18,23.329306,-600.090453
840000,839,7939.27,1000,6499.65,23.001743,-600.348445
841000,840,8193.19,1000,6513.83,23.346764,-600.177781
842000,841,8009.145,1000,6521.34,23.129604,-600.144111
843000,842,8032.068,1000,6528.61,23.126852,-600.712277
844000,843,7931.169,1000,6535.63,23.114576,-600.497427
845000,844,8051.182,1000,6542.73,23.631451,-600.796168
846000,845,8032.921,1000,6550.34,23.422058,-601.688336
847000,846,8121.178,1000,6557.82,23.511965,-601.53632
848000,847,8013.831,1000,6565.33,23.368167,-601.754721
849000,848,7923.245,1000,6572.6,23.511601,-601.810139
850000,849,7987.482,1000,6580.03,23.200989,-602.788093
851000,850,7862.78,1000,6592.65,23.340965,-602.319597
852000,851,7907.211,1000,6599.83,23.448085,-602.911798
853000,852,7878.79,1000,6607.29,22.987726,-602.242652
854000,853,8085.027,1000,6614.65,23.003927,-603.184319
855000,854,7963.957,1000,6622.01,23.146027,-602.90737
856000,855,7753.228,1000,6629.91,23.078033,-603.340625
857000,856,8165.313,1000,6637.6,23.265494,-603.388233
858000,857,8079.567,1000,6645.48,23.584494,-603.636262
859000,858,7951.586,1000,6653.15,23.227977,-603.18102
860000,859,8051.062,1000,6660.38,23.16364,-604.300888
861000,860,8137.5,1000,6675.68,23.48815,-604.311331
862000,861,8210.318,1000,6682.84,23.059311,-603.968808
863000,862,7905.546,1000,6690.14,23.320055,-604.346484
864000,863,8125.876,1000,6697.47,23.126223,-604.022559
865000,864,8109.72,1000,6704.67,23.077518,-604.793944
866000,865,7732.234,1000,6711.78,23.437521,-604.51386
867000,866,8095.778,1000,6718.77,23.235621,-604.749894
868000,867,8113.534,1000,6725.78,23.391626,-604.934795
869000,868,8010.789,1000,6732.81,23.124273,-604.012239
870000,869,8198.626,1000,6740.02,22.938867,-605.100109
871000,870,7911.638,1000,6755.39,23.112174,-605.742647
872000,871,7920.123,1000,6762.98,23.053199,-605.749497
873000,872,7925.135,1000,6770.56,22.880934,-606.16835
874000,873,8185.401,1000,6777.7,23.301144,-606.230382
875000,874,8170.668,1000,6784.65,23.081216,-606.216467
876000,875,8078.255,1000,6791.59,22.634956,-606.343016
877000,876,8064.326,1000,6798.89,23.210919,-606.260473
878000,877,7977.787,1000,6806.2,23.106066,-606.284133
879000,878,8234.979,1000,6813.14,22.836947,-606.568343
880000,879,8052.637,1000,6819.87,22.731211,-607.034583
881000,880,8186.579,1000,6833.36,23.182849,-606.391042
882000,881,8193.408,1000,6840.68,23.190941,-606.996292
883000,882,7903.394,1000,6847.87,22.636273,-607.446025
884000,883,8119.76,1000,6855.22,22.587591,-607.346712
885000,884,8218.444,1000,6862.6,22.850448,-607.700987
886000,885,8269.568,1000,6869.86,22.653758,-607.866058
887000,886,7944.343,1000,6877.03,22.856247,-607.742167
888000,887,7980.25,1000,6884.45,23.009424,-607.899161
889000,888,8222.05,1000,6891.6,22.531609,-608.058413
890000,889,8082.604,1000,6899.01,23.163047,-608.744967
891000,890,7960.75,1000,6913.14,22.680173,-608.750324
892000,891,8049.917,1000,6920.68,23.106815,-608.452087
893000,892,8160.623,1000,6928.16,22.7909,-608.762541
894000,893,8174.685,1000,6935.27,22.959159,-608.805618
895000,894,7999.289,1000,6942.4,22.79748,-608.965529
896000,895,8298.3,1000,6949.66,22.945846,-609.480739
897000,896,8237.82,1000,6956.98,22.953626,-609.051957
898000,897,8224.856,1000,6964.18,23.113205,-609.024659
899000,898,8173.484,1000,6971.26,22.908107,-609.996517
900000,899,8122.893,1000,6978.67,23.028171,-609.227933
901000,900,8077.835,1000,6993.62,23.04689,-609.710399
902000,901,8072.425,1000,7001.42,23.282026,-609.906628
903000,902,8130.755,1000,7009.3,22.598154,-610.504428
904000,903,8085.893,1000,7016.7,22.802682,-610.019497
905000,904,8026.747,1000,7024.23,22.963154,-609.691226
906000,905,8059.227,1000,7031.63,22.825762,-610.014774
907000,906,8147.435,1000,7039.3,22.774796,-610.491493
908000,907,8035.221,1000,7046.76,22.163676,-610.49421
909000,908,8186.891,1000,7054.04,22.609222,-611.063924
910000,909,8190.297,1000,7061.6,22.557258,-611.06879
911000,910,8180.456,1000,7074.8,22.973194,-610.983246
912000,911,8079.026,1000,7082.24,23.009682,-611.951495
913000,912,8157.062,1000,7089.69,22.650867,-611.93378
914000,913,7959.403,1000,7097.11,22.657278,-611.871009
915000,914,8210.134,1000,7104.07,22.84505,-611.891881
916000,915,8156.409,1000,7111.2,23.112455,-611.757503
917000,916,8042.381,1000,7118.96,22.807892,-612.273182
918000,917,8048.889,1000,7126.56,22.820201,-612.52557
919000,918,8182.822,1000,7133.64,22.800371,-612.345417
920000,919,8264.089,1000,7140.69,22.498464,-612.553574
921000,920,7945.913,1000,7154.52,22.253591,-612.824653
922000,921,8144.947,1000,7162.18,23.041993,-613.128994
923000,922,8062.11,1000,7169.31,23.111184,-613.293003
924000,923,8035.685,1000,7176.6,22.680151,-612.845679
925000,924,8090.357,1000,7183.74,22.706671,-614.05643
926000,925,8337.456,1000,7191.6,23.139503,-613.63411
927000,926,8086.814,1000,7198.97,22.764204,-613.246079
928000,927,7980.975,1000,7206.23,22.598672,-614.560768
929000,928,8081.955,1000,7213.36,22.606823,-613.819743
930000,929,8175.453,1000,7221.16,22.667461,-614.198763
931000,930,8123.449,1000,7234.43,22.442281,-614.577974
932000,931,8198.327,1000,7241.69,22.861126,-615.094108
933000,932,8176.353,1000,7248.59,22.626806,-614.529547
934000,933,8109.162,1000,7256.02,22.548249,-615.548524
935000,934,7946.684,1000,7263.31,22.802813,-615.179821
936000,935,8043.515,1000,7270.74,23.200801,-615.444331
937000,936,8124.26,1000,7277.87,23.457847,-615.114095
938000,937,8130.87,1000,7285.05,23.100145,-615.089531
939000,938,8129.433,1000,7292.53,22.790683,-614.823651
940000,939,8182.928,1000,7299.81,22.882617,-614.895034
941000,940,8167.002,1000,7312.15,22.879628,-615.036084
942000,941,8125.634,1000,7319.23,22.59737,-615.946839
943000,942,8412.038,1000,7326.48,22.827092,-615.608344
944000,943,8141.157,1000,7333.43,22.991576,-616.604526
945000,944,8299.792,1000,7340.78,22.67774,-615.900997
946000,945,8159.106,1000,7348.66,22.600347,-616.334981
947000,946,8167.913,1000,7356.54,22.856156,-616.129785
948000,947,8203.921,1000,7364.37,22.52237,-616.156109
949000,948,8212.623,1000,7371.95,22.580404,-616.71175
950000,949,8183.927,1000,7379.36,22.643279,-616.78097
951000,950,7985.851,1000,7393.74,22.498533,-617.222594
952000,951,8219.279,1000,7401.15,22.30391,-617.389953
953000,952,8414.578,1000,7408.44,22.787133,-617.651453
954000,953,7931.982,1000,7415.95,22.865199,-617.150301
955000,954,8038.388,1000,7423.55,22.880688,-617.820276
956000,955,8361.329,1000,7430.99,22.807102,-618.128758
957000,956,7964.28,1000,7437.74,22.193317,-617.322468
958000,957,8130.476,1000,7444.84,22.1852,-617.863864
959000,958,8174.172,1000,7452.05,22.664413,-617.86401
960000,959,8371.14,1000,7459.4,22.364997,-617.691808
961000,960,8094.467,1000,7474.94,22.223512,-618.433645
962000,961,8122.202,1000,7482.36,21.939026,-618.880889
963000,962,8147.132,1000,7489.86,22.194853,-617.969858
964000,963,8231.675,1000,7496.97,22.389985,-618.583495
965000,964,8084.177,1000,7503.96,22.876801,-618.81156
966000,965,8129.104,1000,7511.31,22.788919,-619.355808
967000,966,8130.529,1000,7518.64,22.604359,-619.142155
968000,967,8352.425,1000,7525.81,22.845121,-619.136902
969000,968,8078.405,1000,7532.39,22.703231,-619.010751
970000,969,8117.951,1000,7539.48,22.451292,-619.557749
971000,970,8062.929,1000,7553.91,22.721684,-620.029848
972000,971,8078.299,1000,7561.22,22.890331,-620.003213
973000,972,8265.911,1000,7568.22,22.859638,-620.282135
974000,973,8367.26,1000,7575.79,22.545405,-620.294692
975000,974,7937.301,1000,7583.2,22.861355,-620.397236
976000,975,8187.139,1000,7590.43,23.093737,-620.963958
977000,976,7955.769,1000,7597.82,23.115423,-620.535132
978000,977,8154.233,1000,7605.08,22.559549,-620.410725
979000,978,8316.858,1000,7612.59,23.082229,-621.632243
980000,979,8188.42,1000,7620.2,22.947141,-620.555154
981000,980,8174.403,1000,7634.36,22.491366,-620.673334
982000,981,8176.474,1000,7641.79,22.470126,-621.01112
983000,982,8188.4,1000,7649.38,22.797842,-621.238661
984000,983,8099.062,1000,7657.33,22.421559,-621.207848
985000,984,8065.193,1000,7664.84,22.548176,-621.030137
986000,985,8148.026,1000,7672.11,22.367655,-621.810421
987000,986,7873.285,1000,7679.2,22.398391,-621.162991
988000,987,8360.134,1000,7686.61,22.089836,-621.975035
989000,988,8317.533,1000,7694.13,22.397701,-622.230605
990000,989,8276.783,1000,7701.47,22.105762,-622.017416
991000,990,8321.66,1000,7716.11,22.044727,-622.688308
992000,991,8143.097,1000,7723.93,22.290807,-622.059379
993000,992,8273.499,1000,7731.45,22.468968,-622.91951
994000,993,8041.89,1000,7738.66,22.081158,-623.224903
995000,994,7967.426,1000,7745.95,22.192985,-623.076617
996000,995,8014.617,1000,7753.31,21.764246,-623.288626
997000,996,8238.262,1000,7760.74,21.83736,-623.25057
998000,997,8075.575,1000,7768.15,22.48416,-623.476532
999000,998,8282.432,1000,7775.41,22.657167,-623.28066
1000000,999,8012.532,1000,7782.93,22.790964,-623.864377
