timestep,episode,episode_reward,episode_length,wall_time,critic_loss,actor_loss,alpha_loss,alpha
1000,0,-194.762,1000,0.34,,,,
2000,1,-277.764,1000,0.64,,,,
3000,2,-342.369,1000,0.95,,,,
4000,3,-248.211,1000,1.27,,,,
5000,4,-262.59,1000,2.42,4.564748,-1.648533,0.0,0.5
6000,5,-185.585,1000,40.2,1.099305,-6.783402,0.0,0.5
7000,6,-212.88,1000,77.99,1.494385,-13.950116,0.0,0.5
8000,7,-205.432,1000,116.68,2.001306,-20.845491,0.0,0.5
9000,8,-160.788,1000,154.23,2.463461,-27.36285,0.0,0.5
10000,9,-286.468,1000,192.01,2.93999,-33.482074,0.0,0.5
11000,10,-218.337,1000,246.07,3.27091,-39.286972,0.0,0.5
12000,11,-176.095,1000,283.91,3.533432,-44.679032,0.0,0.5
13000,12,-197.49,1000,321.33,3.691054,-49.606984,0.0,0.5
14000,13,-228.663,1000,359.53,3.757642,-54.198673,0.0,0.5
15000,14,-141.133,1000,397.61,3.742475,-58.505615,0.0,0.5
16000,15,-35.687,1000,435.8,3.813651,-62.52522,0.0,0.5
17000,16,-59.28,1000,473.86,3.966467,-66.366147,0.0,0.5
18000,17,-172.386,1000,510.75,4.034328,-69.856719,0.0,0.5
19000,18,-100.979,1000,548.8,4.054253,-73.157524,0.0,0.5
20000,19,-131.718,1000,587.12,4.070883,-76.245409,0.0,0.5
21000,20,-206.44,1000,642.15,4.114747,-79.121708,0.0,0.5
22000,21,-152.466,1000,680.87,4.046378,-81.889356,0.0,0.5
23000,22,-233.211,1000,718.86,3.954131,-84.476958,0.0,0.5
24000,23,-160.22,1000,756.86,3.889939,-86.929193,0.0,0.5
25000,24,-192.356,1000,794.8,3.83502,-89.286416,0.0,0.5
26000,25,-124.544,1000,833.58,3.764878,-91.567108,0.0,0.5
27000,26,-186.505,1000,871.61,3.701762,-93.73381,0.0,0.5
28000,27,-208.553,1000,909.87,3.660932,-95.790049,0.0,0.5
29000,28,-179.845,1000,947.15,3.639527,-97.760481,0.0,0.5
30000,29,-214.101,1000,985.13,3.542091,-99.662158,0.0,0.5
31000,30,-231.993,1000,1039.29,3.525977,-101.464182,0.0,0.5
32000,31,-96.608,1000,1078.28,3.566382,-103.223298,0.0,0.5
33000,32,-151.615,1000,1116.34,3.549794,-104.901014,0.0,0.5
34000,33,-195.737,1000,1154.96,3.464357,-106.548396,0.0,0.5
35000,34,-163.484,1000,1192.42,3.369909,-108.127565,0.0,0.5
36000,35,-194.7,1000,1229.43,3.320594,-109.673442,0.0,0.5
37000,36,-113.61,1000,1267.23,3.25928,-111.180428,0.0,0.5
38000,37,-163.933,1000,1305.91,3.198655,-112.665263,0.0,0.5
39000,38,-162.46,1000,1343.67,3.163286,-114.068112,0.0,0.5
40000,39,-142.652,1000,1381.35,3.116801,-115.437489,0.0,0.5
41000,40,-179.052,1000,1437.18,3.067061,-116.798107,0.0,0.5
42000,41,-174.995,1000,1474.83,2.97807,-118.083469,0.0,0.5
43000,42,-156.886,1000,1513.62,3.00997,-119.370787,0.0,0.5
44000,43,-36.856,1000,1552.76,2.954018,-120.631813,0.0,0.5
45000,44,-41.673,1000,1590.68,2.953856,-121.839793,0.0,0.5
46000,45,-14.069,1000,1627.81,2.959384,-123.036544,0.0,0.5
47000,46,-151.812,1000,1665.82,2.943513,-124.20566,0.0,0.5
48000,47,-173.505,1000,1704.87,2.932967,-125.331406,0.0,0.5
49000,48,-152.657,1000,1743.96,2.884328,-126.423451,0.0,0.5
50000,49,-156.373,1000,1782.09,2.805643,-127.4886,0.0,0.5
51000,50,-83.718,1000,1837.78,2.823935,-128.553263,0.0,0.5
52000,51,-111.982,1000,1875.92,2.792709,-129.547197,0.0,0.5
53000,52,-130.677,1000,1913.88,2.738558,-130.55849,0.0,0.5
54000,53,-38.274,1000,1951.75,2.736361,-131.532134,0.0,0.5
55000,54,-128.754,1000,1989.85,2.715974,-132.516524,0.0,0.5
56000,55,-102.574,1000,2027.39,2.672027,-133.47015,0.0,0.5
57000,56,-142.735,1000,2065.24,2.640748,-134.397336,0.0,0.5
58000,57,-151.134,1000,2103.58,2.565133,-135.299285,0.0,0.5
59000,58,-111.859,1000,2141.75,2.574106,-136.151419,0.0,0.5
60000,59,-123.201,1000,2179.51,2.543871,-137.016581,0.0,0.5
61000,60,-86.764,1000,2234.76,2.547072,-137.881309,0.0,0.5
62000,61,-52.666,1000,2272.23,2.503291,-138.69766,0.0,0.5
63000,62,-134.265,1000,2310.9,2.478492,-139.511404,0.0,0.5
64000,63,-141.683,1000,2348.59,2.464442,-140.294921,0.0,0.5
65000,64,-127.066,1000,2386.46,2.431814,-141.076001,0.0,0.5
66000,65,18.881,1000,2424.31,2.447144,-141.8169,0.0,0.5
67000,66,-81.603,1000,2462.3,2.45305,-142.569033,0.0,0.5
68000,67,-78.101,1000,2499.81,2.366425,-143.282576,0.0,0.5
69000,68,-125.355,1000,2538.79,2.338299,-144.000164,0.0,0.5
70000,69,-71.946,1000,2576.85,2.33633,-144.67723,0.0,0.5
71000,70,-85.547,1000,2630.7,2.324464,-145.380363,0.0,0.5
72000,71,-118.009,1000,2669.02,2.302084,-146.021679,0.0,0.5
73000,72,-107.487,1000,2714.14,2.280636,-146.690004,0.0,0.5
74000,73,-110.257,1000,2752.72,2.271004,-147.324128,0.0,0.5
75000,74,-69.253,1000,2790.93,2.2857,-147.928671,0.0,0.5
76000,75,-72.549,1000,2829.12,2.257884,-148.508824,0.0,0.5
77000,76,-104.758,1000,2867.07,2.218206,-149.106587,0.0,0.5
78000,77,-113.148,1000,2903.92,2.216929,-149.675179,0.0,0.5
79000,78,-90.337,1000,2941.44,2.180709,-150.250204,0.0,0.5
80000,79,-35.572,1000,2979.66,2.169344,-150.817499,0.0,0.5
81000,80,-97.946,1000,3034.64,2.15557,-151.396897,0.0,0.5
82000,81,-73.846,1000,3072.82,2.161178,-151.932113,0.0,0.5
83000,82,-76.78,1000,3110.83,2.142867,-152.47543,0.0,0.5
84000,83,-92.01,1000,3148.87,2.095711,-152.999535,0.0,0.5
85000,84,-65.929,1000,3187.31,2.101077,-153.533515,0.0,0.5
86000,85,-110.738,1000,3225.65,2.068725,-154.047608,0.0,0.5
87000,86,-52.927,1000,3264.04,2.068614,-154.529925,0.0,0.5
88000,87,-59.171,1000,3302.74,2.025245,-155.022663,0.0,0.5
89000,88,-83.071,1000,3340.71,2.009057,-155.482708,0.0,0.5
90000,89,-59.385,1000,3377.78,2.017789,-155.946834,0.0,0.5
91000,90,-136.094,1000,3431.57,1.976103,-156.391913,0.0,0.5
92000,91,-59.98,1000,3469.44,1.987143,-156.837311,0.0,0.5
93000,92,-28.385,1000,3506.97,1.969497,-157.258681,0.0,0.5
94000,93,14.461,1000,3544.51,1.980257,-157.685135,0.0,0.5
95000,94,-62.85,1000,3581.34,1.923486,-158.112481,0.0,0.5
96000,95,-62.68,1000,3619.01,1.96753,-158.52202,0.0,0.5
97000,96,86.598,1000,3656.18,1.921654,-158.917283,0.0,0.5
98000,97,-64.62,1000,3694.34,1.955625,-159.312523,0.0,0.5
99000,98,-47.105,1000,3732.08,1.940324,-159.67914,0.0,0.5
100000,99,-38.252,1000,3770.12,1.916142,-160.083991,0.0,0.5
101000,100,-58.454,1000,3824.96,1.921519,-160.447466,0.0,0.5
102000,101,-86.031,1000,3862.39,1.896128,-160.811665,0.0,0.5
103000,102,-42.863,1000,3900.55,1.899078,-161.171627,0.0,0.5
104000,103,2.453,1000,3938.9,1.874216,-161.547771,0.0,0.5
105000,104,-9.186,1000,3977.38,1.882156,-161.879499,0.0,0.5
106000,105,-38.461,1000,4014.19,1.889426,-162.220438,0.0,0.5
107000,106,-105.048,1000,4052.53,1.850988,-162.542054,0.0,0.5
108000,107,34.093,1000,4090.42,1.84799,-162.865007,0.0,0.5
109000,108,35.582,1000,4128.06,1.826383,-163.205816,0.0,0.5
110000,109,-35.886,1000,4166.86,1.81883,-163.51216,0.0,0.5
111000,110,-77.214,1000,4220.02,1.804535,-163.819088,0.0,0.5
112000,111,25.313,1000,4257.57,1.796694,-164.113875,0.0,0.5
113000,112,-21.947,1000,4295.58,1.796984,-164.407415,0.0,0.5
114000,113,-9.614,1000,4333.17,1.782326,-164.680895,0.0,0.5
115000,114,-2.347,1000,4370.99,1.752742,-164.970188,0.0,0.5
116000,115,-39.122,1000,4409.5,1.725338,-165.248916,0.0,0.5
117000,116,-23.773,1000,4447.92,1.750318,-165.525499,0.0,0.5
118000,117,-2.267,1000,4485.6,1.729807,-165.814064,0.0,0.5
119000,118,-11.008,1000,4524.21,1.708203,-166.088719,0.0,0.5
120000,119,-41.803,1000,4561.91,1.698801,-166.359786,0.0,0.5
121000,120,52.949,1000,4617.18,1.704379,-166.608089,0.0,0.5
122000,121,247.708,1000,4654.5,1.689252,-166.8762,0.0,0.5
123000,122,-38.4,1000,4693.01,1.705514,-167.136451,0.0,0.5
124000,123,-12.245,1000,4731.31,1.698502,-167.413515,0.0,0.5
125000,124,-59.035,1000,4769.2,1.692756,-167.66453,0.0,0.5
126000,125,28.542,1000,4807.66,1.686795,-167.903639,0.0,0.5
127000,126,-51.4,1000,4843.9,1.686116,-168.161054,0.0,0.5
128000,127,36.675,1000,4881.63,1.681663,-168.402429,0.0,0.5
129000,128,-24.324,1000,4918.84,1.670833,-168.656955,0.0,0.5
130000,129,61.026,1000,4956.1,1.659041,-168.905176,0.0,0.5
131000,130,-0.758,1000,5010.87,1.653013,-169.146696,0.0,0.5
132000,131,18.676,1000,5048.7,1.629965,-169.351361,0.0,0.5
133000,132,51.154,1000,5086.54,1.638178,-169.601281,0.0,0.5
134000,133,-29.023,1000,5125.68,1.623312,-169.828754,0.0,0.5
135000,134,92.658,1000,5164.69,1.597457,-170.058503,0.0,0.5
136000,135,-22.97,1000,5202.5,1.62741,-170.270656,0.0,0.5
137000,136,218.659,1000,5240.06,1.607124,-170.490004,0.0,0.5
138000,137,189.366,1000,5277.86,1.610002,-170.732506,0.0,0.5
139000,138,116.534,1000,5315.13,1.618809,-170.982096,0.0,0.5
140000,139,68.616,1000,5353.56,1.635198,-171.189462,0.0,0.5
141000,140,54.522,1000,5408.43,1.603612,-171.386601,0.0,0.5
142000,141,34.059,1000,5446.04,1.598126,-171.572992,0.0,0.5
143000,142,-6.091,1000,5484.42,1.585635,-171.771298,0.0,0.5
144000,143,80.099,1000,5521.79,1.55831,-172.000406,0.0,0.5
145000,144,61.623,1000,5559.5,1.566725,-172.171863,0.0,0.5
146000,145,78.547,1000,5598.1,1.570214,-172.372209,0.0,0.5
147000,146,85.639,1000,5636.72,1.558177,-172.60115,0.0,0.5
148000,147,87.138,1000,5675.12,1.543087,-172.780425,0.0,0.5
149000,148,45.417,1000,5713.89,1.554207,-172.983521,0.0,0.5
150000,149,68.02,1000,5751.23,1.54782,-173.154876,0.0,0.5
151000,150,124.608,1000,5806.68,1.572499,-173.362562,0.0,0.5
152000,151,60.051,1000,5845.0,1.540901,-173.541116,0.0,0.5
153000,152,60.392,1000,5883.49,1.523244,-173.726857,0.0,0.5
154000,153,184.597,1000,5922.12,1.537349,-173.913047,0.0,0.5
155000,154,51.088,1000,5959.5,1.539201,-174.113377,0.0,0.5
156000,155,81.295,1000,5997.7,1.512922,-174.300371,0.0,0.5
157000,156,93.319,1000,6036.35,1.515876,-174.466535,0.0,0.5
158000,157,72.448,1000,6074.46,1.506437,-174.634396,0.0,0.5
159000,158,457.422,1000,6113.26,1.488411,-174.857067,0.0,0.5
160000,159,41.082,1000,6151.44,1.515197,-175.003358,0.0,0.5
161000,160,293.464,1000,6205.08,1.495608,-175.192574,0.0,0.5
162000,161,365.527,1000,6243.19,1.510378,-175.425839,0.0,0.5
163000,162,30.845,1000,6280.69,1.542814,-175.61579,0.0,0.5
164000,163,79.315,1000,6319.24,1.519842,-175.760391,0.0,0.5
165000,164,65.902,1000,6358.0,1.536868,-175.95159,0.0,0.5
166000,165,123.677,1000,6395.47,1.520598,-176.086967,0.0,0.5
167000,166,222.98,1000,6433.76,1.507043,-176.293127,0.0,0.5
168000,167,198.018,1000,6470.92,1.518199,-176.468036,0.0,0.5
169000,168,341.038,1000,6508.53,1.523995,-176.688179,0.0,0.5
170000,169,222.167,1000,6546.84,1.512955,-176.846482,0.0,0.5
171000,170,203.836,1000,6600.18,1.532235,-177.05572,0.0,0.5
172000,171,96.997,1000,6637.62,1.521022,-177.202833,0.0,0.5
173000,172,154.902,1000,6675.15,1.515763,-177.416046,0.0,0.5
174000,173,325.705,1000,6713.11,1.51249,-177.588049,0.0,0.5
175000,174,359.437,1000,6750.57,1.557211,-177.807977,0.0,0.5
176000,175,674.579,1000,6788.66,1.554684,-178.047848,0.0,0.5
177000,176,184.653,1000,6825.75,1.532869,-178.246133,0.0,0.5
178000,177,565.924,1000,6864.33,1.538538,-178.477031,0.0,0.5
179000,178,169.932,1000,6902.67,1.546291,-178.657741,0.0,0.5
180000,179,133.583,1000,6940.76,1.560058,-178.811061,0.0,0.5
181000,180,1033.263,1000,6995.43,1.592406,-179.067017,0.0,0.5
182000,181,788.531,1000,7033.76,1.611025,-179.369815,0.0,0.5
183000,182,819.611,1000,7072.79,1.661366,-179.614188,0.0,0.5
184000,183,521.519,1000,7111.68,1.646243,-179.926067,0.0,0.5
185000,184,850.451,1000,7150.06,1.672575,-180.129499,0.0,0.5
186000,185,716.44,1000,7188.0,1.724333,-180.416296,0.0,0.5
187000,186,504.191,1000,7225.37,1.718586,-180.666862,0.0,0.5
188000,187,482.217,1000,7262.08,1.76568,-180.934152,0.0,0.5
189000,188,138.277,1000,7300.25,1.756868,-181.138904,0.0,0.5
190000,189,1143.194,1000,7338.6,1.805978,-181.379461,0.0,0.5
191000,190,626.361,1000,7393.28,1.808543,-181.707192,0.0,0.5
192000,191,1254.549,1000,7431.55,1.858929,-181.959661,0.0,0.5
193000,192,1243.455,1000,7469.69,1.872422,-182.325018,0.0,0.5
194000,193,1224.269,1000,7508.21,1.907124,-182.721672,0.0,0.5
195000,194,1051.717,1000,7546.74,1.969356,-183.116845,0.0,0.5
196000,195,1322.377,1000,7585.15,1.997905,-183.462904,0.0,0.5
197000,196,1523.204,1000,7623.3,2.073882,-183.941458,0.0,0.5
198000,197,1446.983,1000,7661.42,2.115913,-184.34581,0.0,0.5
199000,198,262.066,1000,7699.34,2.172953,-184.713744,0.0,0.5
200000,199,1583.061,1000,7736.97,2.186977,-185.095342,0.0,0.5
201000,200,1612.635,1000,7791.46,2.248035,-185.591182,0.0,0.5
202000,201,1645.109,1000,7830.27,2.309769,-186.120656,0.0,0.5
203000,202,1568.773,1000,7868.28,2.315758,-186.636076,0.0,0.5
204000,203,1778.911,1000,7906.07,2.444254,-187.11521,0.0,0.5
205000,204,1881.276,1000,7943.41,2.47648,-187.742223,0.0,0.5
206000,205,1680.72,1000,7980.47,2.526745,-188.310788,0.0,0.5
207000,206,1810.164,1000,8018.1,2.587013,-188.946849,0.0,0.5
208000,207,1921.689,1000,8054.85,2.594975,-189.525334,0.0,0.5
209000,208,1922.817,1000,8098.02,2.663326,-190.225351,0.0,0.5
210000,209,2069.07,1000,8136.23,2.695818,-190.799133,0.0,0.5
211000,210,2006.411,1000,8189.52,2.81239,-191.457819,0.0,0.5
212000,211,1538.303,1000,8226.76,2.852082,-192.138303,0.0,0.5
213000,212,2070.263,1000,8256.86,2.841351,-192.741426,0.0,0.5
214000,213,2187.387,1000,8290.69,2.967698,-193.488454,0.0,0.5
215000,214,2221.699,1000,8328.81,3.016175,-194.289488,0.0,0.5
216000,215,2112.093,1000,8353.38,3.114704,-194.920733,0.0,0.5
217000,216,2118.859,1000,8371.53,3.19012,-195.793633,0.0,0.5
218000,217,2322.484,1000,8385.87,3.237896,-196.595146,0.0,0.5
219000,218,2452.564,1000,8399.86,3.304503,-197.406406,0.0,0.5
220000,219,2318.339,1000,8413.73,3.404249,-198.242199,0.0,0.5
221000,220,2365.979,1000,8434.14,3.41812,-199.160816,0.0,0.5
222000,221,2457.317,1000,8450.83,3.431665,-199.990656,0.0,0.5
223000,222,2482.448,1000,8468.01,3.525022,-200.823265,0.0,0.5
224000,223,2552.519,1000,8484.84,3.723713,-201.832542,0.0,0.5
225000,224,2424.414,1000,8501.61,3.698795,-202.576993,0.0,0.5
226000,225,2488.034,1000,8518.27,3.772741,-203.616596,0.0,0.5
227000,226,2449.107,1000,8533.76,3.950568,-204.361021,0.0,0.5
228000,227,2612.945,1000,8550.44,3.992797,-205.360783,0.0,0.5
229000,228,2667.89,1000,8566.98,4.016496,-206.331706,0.0,0.5
230000,229,2624.305,1000,8583.82,4.051878,-207.324833,0.0,0.5
231000,230,2762.254,1000,8608.5,4.101331,-208.250835,0.0,0.5
232000,231,2827.094,1000,8623.84,4.118384,-209.258312,0.0,0.5
233000,232,2769.963,1000,8640.54,4.30803,-210.243373,0.0,0.5
234000,233,2884.356,1000,8657.42,4.297559,-211.12879,0.0,0.5
235000,234,2798.666,1000,8674.41,4.373965,-212.109137,0.0,0.5
236000,235,2923.324,1000,8691.22,4.514462,-213.245882,0.0,0.5
237000,236,2985.039,1000,8708.08,4.558459,-214.130777,0.0,0.5
238000,237,2880.234,1000,8723.45,4.55528,-215.070748,0.0,0.5
239000,238,2932.548,1000,8740.64,4.676945,-215.918093,0.0,0.5
240000,239,3251.691,1000,8757.71,4.689697,-217.074545,0.0,0.5
241000,240,3290.698,1000,8783.08,4.799282,-217.87383,0.0,0.5
242000,241,2934.118,1000,8799.78,4.94604,-219.091613,0.0,0.5
243000,242,3219.892,1000,8814.95,5.125538,-220.241776,0.0,0.5
244000,243,3234.535,1000,8831.68,5.121787,-220.94933,0.0,0.5
245000,244,3247.651,1000,8848.83,5.215916,-222.370472,0.0,0.5
246000,245,3363.019,1000,8865.68,5.209608,-223.214886,0.0,0.5
247000,246,3296.63,1000,8882.37,5.337016,-224.269157,0.0,0.5
248000,247,3238.23,1000,8898.84,5.334811,-225.457069,0.0,0.5
249000,248,3363.285,1000,8914.13,5.452242,-226.219726,0.0,0.5
250000,249,3457.308,1000,8930.9,5.588652,-227.447094,0.0,0.5
251000,250,3434.289,1000,8955.95,5.586067,-228.626233,0.0,0.5
252000,251,3574.88,1000,8972.67,5.578951,-229.63441,0.0,0.5
253000,252,3699.423,1000,8989.55,5.754068,-230.675695,0.0,0.5
254000,253,3641.342,1000,9004.74,5.790653,-231.728857,0.0,0.5
255000,254,3599.829,1000,9021.67,5.944612,-232.734382,0.0,0.5
256000,255,3645.022,1000,9038.52,5.920626,-233.974275,0.0,0.5
257000,256,3493.062,1000,9055.5,5.962408,-234.994933,0.0,0.5
258000,257,3741.693,1000,9072.3,5.980821,-236.069031,0.0,0.5
259000,258,3597.8,1000,9089.33,6.098242,-237.28853,0.0,0.5
260000,259,3667.475,1000,9104.52,6.232581,-238.373818,0.0,0.5
261000,260,3566.312,1000,9130.82,6.182889,-239.445561,0.0,0.5
262000,261,3781.441,1000,9147.66,6.183948,-240.432473,0.0,0.5
263000,262,3525.439,1000,9164.41,6.250869,-241.861603,0.0,0.5
264000,263,3852.466,1000,9180.99,6.265127,-242.481116,0.0,0.5
265000,264,3854.645,1000,9196.22,6.529302,-243.828516,0.0,0.5
266000,265,3781.806,1000,9213.19,6.676129,-244.528568,0.0,0.5
267000,266,3839.877,1000,9230.14,6.462173,-245.577076,0.0,0.5
268000,267,3933.897,1000,9246.53,6.666914,-246.760028,0.0,0.5
269000,268,4026.893,1000,9263.34,6.729569,-247.360141,0.0,0.5
270000,269,3958.022,1000,9279.85,6.920779,-248.63343,0.0,0.5
271000,270,3956.885,1000,9303.41,6.648879,-249.94911,0.0,0.5
272000,271,4002.472,1000,9320.04,6.840207,-251.209124,0.0,0.5
273000,272,4029.705,1000,9337.09,6.668028,-252.061655,0.0,0.5
274000,273,3969.698,1000,9353.82,6.986581,-253.14677,0.0,0.5
275000,274,4033.45,1000,9370.65,7.031961,-254.011963,0.0,0.5
276000,275,4116.855,1000,9386.39,6.95105,-255.036696,0.0,0.5
277000,276,4137.392,1000,9403.33,7.177714,-256.413552,0.0,0.5
278000,277,4002.25,1000,9419.93,7.318837,-257.22237,0.0,0.5
279000,278,4223.7,1000,9436.98,7.057275,-258.41154,0.0,0.5
280000,279,4315.874,1000,9454.23,7.466318,-259.367376,0.0,0.5
281000,280,4324.547,1000,9479.09,7.241184,-260.683202,0.0,0.5
282000,281,4357.816,1000,9495.31,7.378364,-261.671603,0.0,0.5
283000,282,4223.178,1000,9512.29,7.437744,-262.956681,0.0,0.5
284000,283,4264.269,1000,9528.81,7.246197,-263.947936,0.0,0.5
285000,284,4202.216,1000,9545.66,7.408328,-265.203095,0.0,0.5
286000,285,4440.796,1000,9562.8,7.512433,-266.01139,0.0,0.5
287000,286,4313.762,1000,9578.03,7.45492,-266.775862,0.0,0.5
288000,287,4417.15,1000,9594.13,7.382552,-268.086205,0.0,0.5
289000,288,4278.021,1000,9611.24,7.682282,-268.70314,0.0,0.5
290000,289,4377.448,1000,9627.94,7.803274,-270.316898,0.0,0.5
291000,290,4388.215,1000,9653.29,7.684114,-271.21495,0.0,0.5
292000,291,4432.111,1000,9669.6,7.966438,-272.426521,0.0,0.5
293000,292,4516.756,1000,9685.55,7.886785,-273.500715,0.0,0.5
294000,293,4544.036,1000,9702.13,7.954721,-274.25986,0.0,0.5
295000,294,4377.32,1000,9719.08,8.211134,-275.576724,0.0,0.5
296000,295,4339.336,1000,9736.03,8.007476,-276.384653,0.0,0.5
297000,296,4580.434,1000,9752.87,8.255429,-277.782245,0.0,0.5
298000,297,4370.707,1000,9768.67,8.134001,-278.67421,0.0,0.5
299000,298,4617.745,1000,9784.9,8.396435,-279.959833,0.0,0.5
300000,299,4535.109,1000,9801.75,7.901286,-281.187901,0.0,0.5
301000,300,4530.152,1000,9827.73,7.973474,-281.590027,0.0,0.5
302000,301,4630.093,1000,9844.73,8.058303,-282.652872,0.0,0.5
303000,302,4635.064,1000,9861.17,8.041277,-284.326677,0.0,0.5
304000,303,4677.577,1000,9877.13,8.026523,-285.149667,0.0,0.5
305000,304,4677.278,1000,9893.82,8.054583,-285.892547,0.0,0.5
306000,305,4472.904,1000,9910.23,8.180792,-286.856736,0.0,0.5
307000,306,4702.04,1000,9927.07,8.149284,-287.974082,0.0,0.5
308000,307,4760.851,1000,9944.28,8.161167,-288.726128,0.0,0.5
309000,308,4727.085,1000,9959.97,8.472131,-289.755975,0.0,0.5
310000,309,4730.277,1000,9975.98,8.449302,-290.470755,0.0,0.5
311000,310,4710.005,1000,10001.92,8.532578,-291.700183,0.0,0.5
312000,311,4708.292,1000,10018.57,8.414593,-292.658371,0.0,0.5
313000,312,4768.207,1000,10035.6,8.544627,-293.093759,0.0,0.5
314000,313,4775.474,1000,10051.98,8.266776,-294.262241,0.0,0.5
315000,314,4853.234,1000,10067.89,8.279211,-295.664994,0.0,0.5
316000,315,4886.131,1000,10084.71,8.441366,-296.232466,0.0,0.5
317000,316,4892.999,1000,10101.7,8.533819,-297.290456,0.0,0.5
318000,317,4726.263,1000,10118.55,8.382291,-298.379937,0.0,0.5
319000,318,4951.471,1000,10135.34,8.691003,-299.532516,0.0,0.5
320000,319,4829.38,1000,10151.07,8.683324,-300.720863,0.0,0.5
321000,320,5013.23,1000,10176.65,8.591077,-301.361069,0.0,0.5
322000,321,4999.949,1000,10193.73,8.584444,-301.813156,0.0,0.5
323000,322,5075.101,1000,10210.78,8.860413,-303.256299,0.0,0.5
324000,323,4952.023,1000,10227.63,8.701119,-304.027718,0.0,0.5
325000,324,4819.97,1000,10243.74,8.730016,-305.145638,0.0,0.5
326000,325,4937.533,1000,10259.43,8.806541,-306.398893,0.0,0.5
327000,326,4864.555,1000,10276.09,8.972916,-306.890965,0.0,0.5
328000,327,5143.863,1000,10293.23,8.599002,-308.010061,0.0,0.5
329000,328,5016.745,1000,10310.47,8.674182,-308.325688,0.0,0.5
330000,329,5019.089,1000,10327.17,8.940631,-310.218307,0.0,0.5
331000,330,5067.034,1000,10350.93,9.010754,-311.047739,0.0,0.5
332000,331,5218.909,1000,10367.6,8.90937,-311.62068,0.0,0.5
333000,332,5173.32,1000,10384.32,8.822606,-312.321548,0.0,0.5
334000,333,5040.764,1000,10401.33,8.921685,-313.762271,0.0,0.5
335000,334,5178.427,1000,10418.12,9.119073,-314.297914,0.0,0.5
336000,335,5183.974,1000,10434.46,8.899383,-315.721345,0.0,0.5
337000,336,5120.297,1000,10450.22,9.310178,-315.838507,0.0,0.5
338000,337,5290.999,1000,10467.37,9.345807,-317.066844,0.0,0.5
339000,338,5445.212,1000,10484.34,9.508346,-318.271046,0.0,0.5
340000,339,5218.829,1000,10501.42,9.263639,-318.17754,0.0,0.5
341000,340,5143.032,1000,10526.16,9.339298,-319.60448,0.0,0.5
342000,341,5212.395,1000,10541.75,9.315146,-320.781202,0.0,0.5
343000,342,5262.441,1000,10558.59,9.400533,-321.301493,0.0,0.5
344000,343,5400.354,1000,10575.33,9.395985,-322.766286,0.0,0.5
345000,344,5126.824,1000,10591.85,9.471899,-323.645369,0.0,0.5
346000,345,5318.361,1000,10608.65,9.441988,-324.59669,0.0,0.5
347000,346,5328.381,1000,10624.76,9.288007,-325.237661,0.0,0.5
348000,347,5546.642,1000,10640.51,9.845823,-326.450849,0.0,0.5
349000,348,5306.041,1000,10657.71,9.464417,-327.186475,0.0,0.5
350000,349,5435.389,1000,10674.56,9.590105,-328.11799,0.0,0.5
351000,350,5420.907,1000,10699.49,9.590824,-329.049097,0.0,0.5
352000,351,5485.759,1000,10716.44,9.570306,-329.601034,0.0,0.5
353000,352,5507.67,1000,10731.68,9.932762,-330.406039,0.0,0.5
354000,353,5531.779,1000,10748.78,9.962961,-331.405891,0.0,0.5
355000,354,5556.293,1000,10765.39,9.974084,-332.064353,0.0,0.5
356000,355,5277.632,1000,10782.41,10.051099,-333.535527,0.0,0.5
357000,356,5601.813,1000,10799.35,9.705653,-333.527021,0.0,0.5
358000,357,5206.197,1000,10815.9,9.863121,-335.203945,0.0,0.5
359000,358,5359.246,1000,10831.68,9.824779,-335.856536,0.0,0.5
360000,359,5793.386,1000,10848.55,10.10841,-336.726684,0.0,0.5
361000,360,5432.31,1000,10873.18,10.343798,-337.86679,0.0,0.5
362000,361,5574.24,1000,10890.33,10.197103,-338.755428,0.0,0.5
363000,362,5660.468,1000,10907.54,10.098817,-339.368197,0.0,0.5
364000,363,5454.11,1000,10922.71,10.051194,-340.306607,0.0,0.5
365000,364,5482.701,1000,10939.52,10.506894,-341.258756,0.0,0.5
366000,365,5628.524,1000,10956.32,10.008072,-342.260337,0.0,0.5
367000,366,5768.781,1000,10972.71,10.471341,-343.305161,0.0,0.5
368000,367,5775.741,1000,10989.31,10.323786,-343.787079,0.0,0.5
369000,368,5569.588,1000,11006.36,10.291354,-345.111799,0.0,0.5
370000,369,5732.997,1000,11020.94,10.156811,-345.404587,0.0,0.5
371000,370,5717.485,1000,11046.59,10.164953,-346.372114,0.0,0.5
372000,371,5654.951,1000,11063.41,10.29071,-347.374943,0.0,0.5
373000,372,5783.01,1000,11079.91,10.413196,-348.007092,0.0,0.5
374000,373,5802.092,1000,11096.89,10.192849,-349.062625,0.0,0.5
375000,374,5668.453,1000,11112.34,10.347887,-350.464235,0.0,0.5
376000,375,5802.025,1000,11129.08,10.509635,-350.857522,0.0,0.5
377000,376,5736.802,1000,11145.73,10.763141,-351.872246,0.0,0.5
378000,377,5687.558,1000,11162.86,11.032444,-353.234706,0.0,0.5
379000,378,5750.057,1000,11179.53,10.753001,-353.637376,0.0,0.5
380000,379,5874.524,1000,11196.74,10.960616,-354.455191,0.0,0.5
381000,380,5787.965,1000,11219.97,11.066145,-355.086354,0.0,0.5
382000,381,5727.248,1000,11236.93,11.08172,-355.973492,0.0,0.5
383000,382,5768.394,1000,11253.91,10.933419,-357.257821,0.0,0.5
384000,383,6048.152,1000,11270.75,11.229328,-358.126472,0.0,0.5
385000,384,5787.956,1000,11287.53,11.153131,-359.069857,0.0,0.5
386000,385,5691.106,1000,11303.25,11.57507,-359.749768,0.0,0.5
387000,386,6049.729,1000,11319.67,10.83834,-360.223059,0.0,0.5
388000,387,5835.82,1000,11336.36,11.772787,-360.933374,0.0,0.5
389000,388,5712.649,1000,11352.83,11.461136,-362.121788,0.0,0.5
390000,389,5903.85,1000,11369.77,11.63741,-362.376874,0.0,0.5
391000,390,6021.247,1000,11394.98,11.121426,-363.610278,0.0,0.5
392000,391,5974.444,1000,11410.86,11.409497,-364.578697,0.0,0.5
393000,392,5990.932,1000,11427.49,11.495043,-365.352157,0.0,0.5
394000,393,6175.323,1000,11444.11,11.557203,-366.181132,0.0,0.5
395000,394,6048.574,1000,11460.78,11.934131,-367.301782,0.0,0.5
396000,395,6234.643,1000,11477.67,11.348085,-367.902042,0.0,0.5
397000,396,6116.65,1000,11493.19,11.214497,-368.22354,0.0,0.5
398000,397,6079.514,1000,11509.89,11.629529,-369.97639,0.0,0.5
399000,398,6007.185,1000,11526.52,11.508018,-370.515159,0.0,0.5
400000,399,6253.015,1000,11543.14,12.221629,-371.457875,0.0,0.5
401000,400,5923.585,1000,11567.58,11.73399,-371.994827,0.0,0.5
402000,401,6085.195,1000,11583.61,11.80619,-372.549573,0.0,0.5
403000,402,6096.621,1000,11599.9,11.87997,-372.551071,0.0,0.5
404000,403,6027.054,1000,11617.18,11.893196,-374.121097,0.0,0.5
405000,404,6216.898,1000,11634.34,12.062796,-374.604976,0.0,0.5
406000,405,5904.427,1000,11651.62,12.433772,-375.569892,0.0,0.5
407000,406,6361.665,1000,11668.61,12.404016,-376.161203,0.0,0.5
408000,407,6237.879,1000,11684.12,12.423433,-377.479863,0.0,0.5
409000,408,6145.383,1000,11700.47,12.739985,-378.55627,0.0,0.5
410000,409,6163.234,1000,11717.01,12.721047,-379.330114,0.0,0.5
411000,410,6484.066,1000,11742.64,12.345047,-380.105063,0.0,0.5
412000,411,6225.938,1000,11759.35,12.65058,-380.895539,0.0,0.5
413000,412,6434.782,1000,11775.35,12.657999,-381.916263,0.0,0.5
414000,413,6113.01,1000,11790.93,12.540152,-382.194218,0.0,0.5
415000,414,6784.328,1000,11807.56,13.164836,-383.391067,0.0,0.5
416000,415,6450.071,1000,11824.14,12.671027,-383.799682,0.0,0.5
417000,416,6212.322,1000,11841.01,12.629192,-384.620726,0.0,0.5
418000,417,6326.513,1000,11857.51,12.735561,-385.910028,0.0,0.5
419000,418,6547.182,1000,11872.81,13.284268,-386.150798,0.0,0.5
420000,419,6675.356,1000,11889.29,13.297032,-386.627537,0.0,0.5
421000,420,6243.44,1000,11913.81,13.676738,-388.228783,0.0,0.5
422000,421,6438.392,1000,11930.41,13.55178,-388.973008,0.0,0.5
423000,422,6489.521,1000,11947.31,13.427242,-389.567036,0.0,0.5
424000,423,6434.31,1000,11963.44,13.922331,-390.125241,0.0,0.5
425000,424,6371.163,1000,11979.71,13.842272,-391.507474,0.0,0.5
426000,425,6603.813,1000,11996.83,13.788093,-391.946985,0.0,0.5
427000,426,6239.559,1000,12013.81,13.21995,-391.915014,0.0,0.5
428000,427,6574.676,1000,12030.53,13.132101,-393.614358,0.0,0.5
429000,428,6664.608,1000,12047.41,14.192649,-394.49499,0.0,0.5
430000,429,6362.14,1000,12063.03,14.330038,-395.312532,0.0,0.5
431000,430,6260.211,1000,12087.54,14.487088,-395.566124,0.0,0.5
432000,431,6466.456,1000,12104.96,15.671571,-397.124939,0.0,0.5
433000,432,6738.908,1000,12121.61,14.13225,-397.937165,0.0,0.5
434000,433,6544.236,1000,12138.16,14.232384,-398.528037,0.0,0.5
435000,434,6725.301,1000,12154.44,14.524281,-399.636567,0.0,0.5
436000,435,6939.725,1000,12170.46,14.415685,-399.873065,0.0,0.5
437000,436,6566.746,1000,12187.28,14.502846,-400.703474,0.0,0.5
438000,437,6720.772,1000,12203.94,15.394528,-402.325877,0.0,0.5
439000,438,6895.358,1000,12220.75,14.841214,-402.235465,0.0,0.5
440000,439,6847.088,1000,12237.06,15.014171,-402.959906,0.0,0.5
441000,440,6589.672,1000,12259.87,15.536519,-403.620635,0.0,0.5
442000,441,7254.417,1000,12276.42,15.257033,-404.295338,0.0,0.5
443000,442,7062.799,1000,12293.46,15.206255,-405.846898,0.0,0.5
444000,443,6854.306,1000,12309.92,15.89668,-405.817355,0.0,0.5
445000,444,7534.492,1000,12326.8,14.743792,-406.655772,0.0,0.5
446000,445,7021.365,1000,12342.96,15.405992,-408.261015,0.0,0.5
447000,446,6889.76,1000,12358.81,15.418131,-409.029377,0.0,0.5
448000,447,7135.118,1000,12375.86,16.104994,-409.569761,0.0,0.5
449000,448,6758.081,1000,12392.68,16.752476,-409.799734,0.0,0.5
450000,449,7077.543,1000,12409.36,16.308143,-410.902633,0.0,0.5
451000,450,6705.73,1000,12433.95,16.088166,-411.677266,0.0,0.5
452000,451,7256.811,1000,12449.93,15.861506,-412.10207,0.0,0.5
453000,452,7206.537,1000,12467.08,16.45385,-413.265862,0.0,0.5
454000,453,6690.469,1000,12483.56,16.707267,-413.165657,0.0,0.5
455000,454,7455.807,1000,12500.39,16.131398,-414.89,0.0,0.5
456000,455,7166.325,1000,12516.99,16.427943,-415.543616,0.0,0.5
457000,456,6769.98,1000,12533.31,16.941641,-416.038292,0.0,0.5
458000,457,7217.507,1000,12548.99,17.306458,-417.00174,0.0,0.5
459000,458,7295.66,1000,12566.05,16.415019,-418.012913,0.0,0.5
460000,459,7171.075,1000,12582.81,17.5118,-418.425866,0.0,0.5
461000,460,6809.215,1000,12607.47,16.601669,-419.314191,0.0,0.5
462000,461,6976.159,1000,12624.11,16.006816,-420.115795,0.0,0.5
463000,462,7806.946,1000,12639.55,16.941427,-421.037726,0.0,0.5
464000,463,7338.521,1000,12656.03,17.04313,-421.519029,0.0,0.5
465000,464,7291.144,1000,12672.91,16.719182,-422.663399,0.0,0.5
466000,465,7152.722,1000,12690.33,17.333041,-423.877482,0.0,0.5
467000,466,7510.807,1000,12707.26,17.617825,-423.775205,0.0,0.5
468000,467,7481.471,1000,12723.39,16.66121,-425.495109,0.0,0.5
469000,468,7164.304,1000,12737.75,18.082375,-425.122889,0.0,0.5
470000,469,7653.708,1000,12750.51,17.138633,-426.424339,0.0,0.5
471000,470,7305.556,1000,12769.37,17.453144,-427.460148,0.0,0.5
472000,471,7632.77,1000,12782.48,17.820253,-428.282958,0.0,0.5
473000,472,6852.87,1000,12796.38,17.881775,-428.98767,0.0,0.5
474000,473,7650.238,1000,12810.48,17.940985,-429.777642,0.0,0.5
475000,474,7511.727,1000,12824.22,18.519059,-431.170503,0.0,0.5
476000,475,7587.541,1000,12838.01,18.312473,-431.491108,0.0,0.5
477000,476,7247.215,1000,12851.83,18.588579,-432.740069,0.0,0.5
478000,477,7379.398,1000,12865.41,19.100776,-433.315915,0.0,0.5
479000,478,7684.124,1000,12878.6,18.904762,-434.076637,0.0,0.5
480000,479,7405.749,1000,12891.95,19.414129,-434.613837,0.0,0.5
481000,480,7537.046,1000,12910.68,18.69817,-435.806564,0.0,0.5
482000,481,7669.561,1000,12924.28,20.134089,-436.342957,0.0,0.5
483000,482,7716.515,1000,12937.53,18.771114,-436.790664,0.0,0.5
484000,483,7661.609,1000,12951.24,18.178542,-437.488065,0.0,0.5
485000,484,7945.203,1000,12965.44,19.287457,-438.997392,0.0,0.5
486000,485,7563.646,1000,12980.23,19.390165,-439.728248,0.0,0.5
487000,486,7739.206,1000,12993.6,19.087041,-439.996141,0.0,0.5
488000,487,7147.776,1000,13007.86,19.732656,-441.888235,0.0,0.5
489000,488,7579.587,1000,13020.37,19.60591,-441.242765,0.0,0.5
490000,489,7618.185,1000,13033.49,20.323762,-442.523221,0.0,0.5
491000,490,7618.889,1000,13053.9,20.306945,-443.312892,0.0,0.5
492000,491,7642.878,1000,13068.38,19.775132,-444.410544,0.0,0.5
493000,492,7448.778,1000,13084.09,20.228889,-444.873557,0.0,0.5
494000,493,7948.397,1000,13098.2,20.396058,-445.20763,0.0,0.5
495000,494,7725.827,1000,13111.33,21.009227,-445.628443,0.0,0.5
496000,495,7541.057,1000,13124.56,19.790265,-446.538753,0.0,0.5
497000,496,7939.213,1000,13137.78,20.719211,-447.702025,0.0,0.5
498000,497,7704.488,1000,13150.8,21.26883,-448.458456,0.0,0.5
499000,498,7915.097,1000,13164.13,20.911476,-449.45185,0.0,0.5
500000,499,7904.338,1000,13178.49,21.541081,-449.264351,0.0,0.5
501000,500,7915.402,1000,13198.05,20.881217,-450.724221,0.0,0.5
502000,501,7626.524,1000,13212.18,21.812658,-451.202784,0.0,0.5
503000,502,7819.765,1000,13226.14,21.385607,-451.605793,0.0,0.5
504000,503,7999.978,1000,13238.91,21.470043,-453.026779,0.0,0.5
505000,504,7802.625,1000,13252.57,21.366962,-453.658835,0.0,0.5
506000,505,8127.709,1000,13266.14,21.328453,-454.558817,0.0,0.5
507000,506,7656.155,1000,13280.04,21.909736,-455.22286,0.0,0.5
508000,507,7672.051,1000,13293.4,22.893076,-455.771616,0.0,0.5
509000,508,7944.806,1000,13306.82,22.604271,-456.941807,0.0,0.5
510000,509,7890.083,1000,13321.01,22.532028,-457.647408,0.0,0.5
511000,510,7990.647,1000,13339.81,21.882693,-457.95618,0.0,0.5
512000,511,7776.26,1000,13353.71,22.076628,-458.889173,0.0,0.5
513000,512,8062.871,1000,13366.98,21.857275,-458.821267,0.0,0.5
514000,513,8189.956,1000,13380.35,22.176388,-460.440675,0.0,0.5
515000,514,8431.172,1000,13392.65,22.073299,-461.294821,0.0,0.5
516000,515,8070.056,1000,13406.27,23.031528,-462.277764,0.0,0.5
517000,516,7687.34,1000,13420.57,23.394747,-462.088621,0.0,0.5
518000,517,7973.008,1000,13435.86,24.251557,-463.447265,0.0,0.5
519000,518,8082.298,1000,13450.04,23.829764,-463.567883,0.0,0.5
520000,519,7926.026,1000,13463.73,23.841944,-464.545423,0.0,0.5
521000,520,7956.571,1000,13486.74,24.420383,-465.488712,0.0,0.5
522000,521,8118.359,1000,13503.2,23.961965,-465.763119,0.0,0.5
523000,522,8304.558,1000,13517.93,22.558194,-467.002465,0.0,0.5
524000,523,8274.888,1000,13531.87,23.973315,-467.29849,0.0,0.5
525000,524,8284.914,1000,13545.6,24.534491,-468.624886,0.0,0.5
526000,525,8430.435,1000,13559.5,24.298366,-469.28656,0.0,0.5
527000,526,8117.017,1000,13573.49,23.823069,-469.903208,0.0,0.5
528000,527,8015.133,1000,13587.07,23.877765,-470.854622,0.0,0.5
529000,528,8302.233,1000,13600.15,23.743264,-471.744031,0.0,0.5
530000,529,8157.72,1000,13613.7,23.954598,-472.206441,0.0,0.5
531000,530,8159.901,1000,13632.2,24.970736,-473.462489,0.0,0.5
532000,531,7929.282,1000,13645.77,24.003188,-473.446837,0.0,0.5
533000,532,8232.374,1000,13658.58,25.126445,-474.287457,0.0,0.5
534000,533,8074.618,1000,13672.86,25.910456,-475.081613,0.0,0.5
535000,534,8443.508,1000,13686.08,25.178009,-475.633901,0.0,0.5
536000,535,8401.521,1000,13700.08,25.215445,-476.503326,0.0,0.5
537000,536,8379.798,1000,13713.16,24.518188,-477.27823,0.0,0.5
538000,537,8301.689,1000,13727.39,25.69577,-478.431913,0.0,0.5
539000,538,8070.879,1000,13739.86,25.348667,-477.751847,0.0,0.5
540000,539,8563.297,1000,13752.55,26.420511,-478.892659,0.0,0.5
541000,540,8135.664,1000,13772.28,24.969021,-480.315386,0.0,0.5
542000,541,8380.334,1000,13785.93,25.782928,-479.967927,0.0,0.5
543000,542,8496.5,1000,13801.13,25.397529,-481.423317,0.0,0.5
544000,543,8374.591,1000,13815.16,25.484199,-481.643413,0.0,0.5
545000,544,8415.744,1000,13828.74,25.09268,-482.012785,0.0,0.5
546000,545,8636.996,1000,13841.94,25.540086,-483.508239,0.0,0.5
547000,546,8328.613,1000,13855.66,26.026169,-484.229469,0.0,0.5
548000,547,8399.448,1000,13868.85,24.491734,-485.101597,0.0,0.5
549000,548,8224.619,1000,13882.22,26.319476,-485.649564,0.0,0.5
550000,549,8439.15,1000,13896.47,27.582603,-486.607875,0.0,0.5
551000,550,8627.487,1000,13916.08,26.70272,-487.568236,0.0,0.5
552000,551,8384.043,1000,13930.09,27.851798,-487.899883,0.0,0.5
553000,552,8772.658,1000,13943.51,26.129299,-488.042853,0.0,0.5
554000,553,8727.385,1000,13956.62,25.711257,-489.681004,0.0,0.5
555000,554,8573.157,1000,13970.29,27.983154,-490.274696,0.0,0.5
556000,555,9020.376,1000,13983.88,27.425818,-490.850993,0.0,0.5
557000,556,8768.573,1000,13997.36,27.078502,-491.302894,0.0,0.5
558000,557,8636.758,1000,14010.55,27.173385,-491.909695,0.0,0.5
559000,558,9052.571,1000,14023.72,26.753804,-493.313524,0.0,0.5
560000,559,9030.795,1000,14037.74,27.233173,-493.702846,0.0,0.5
561000,560,8665.877,1000,14056.28,27.930761,-494.47673,0.0,0.5
562000,561,8875.284,1000,14069.94,27.346642,-495.51761,0.0,0.5
563000,562,8617.151,1000,14083.78,28.439861,-496.616694,0.0,0.5
564000,563,8643.352,1000,14097.18,27.761774,-497.140664,0.0,0.5
565000,564,8621.366,1000,14109.58,27.830279,-498.601455,0.0,0.5
566000,565,8738.479,1000,14123.46,28.169454,-498.781084,0.0,0.5
567000,566,9078.51,1000,14137.38,27.593656,-498.975684,0.0,0.5
568000,567,8619.673,1000,14151.79,27.092773,-500.112562,0.0,0.5
569000,568,8846.218,1000,14167.36,27.508959,-500.954064,0.0,0.5
570000,569,8731.419,1000,14181.58,28.846165,-501.551212,0.0,0.5
571000,570,8930.002,1000,14199.56,28.358609,-502.690883,0.0,0.5
572000,571,9180.584,1000,14212.74,27.146354,-503.780216,0.0,0.5
573000,572,8855.5,1000,14226.21,29.301976,-503.443268,0.0,0.5
574000,573,8946.038,1000,14240.06,29.614483,-503.949928,0.0,0.5
575000,574,8773.001,1000,14253.89,28.361602,-505.458882,0.0,0.5
576000,575,9074.369,1000,14268.28,28.176167,-505.985999,0.0,0.5
577000,576,8713.29,1000,14281.99,28.292293,-506.521965,0.0,0.5
578000,577,8859.238,1000,14296.04,28.600531,-507.07005,0.0,0.5
579000,578,8501.722,1000,14309.73,27.520159,-508.022764,0.0,0.5
580000,579,9118.125,1000,14322.82,29.3681,-508.452975,0.0,0.5
581000,580,9012.598,1000,14341.44,28.676294,-509.494084,0.0,0.5
582000,581,8728.484,1000,14354.85,29.473354,-509.754947,0.0,0.5
583000,582,8769.263,1000,14367.95,29.899409,-510.665948,0.0,0.5
584000,583,8865.454,1000,14380.97,28.834525,-511.478383,0.0,0.5
585000,584,9489.799,1000,14395.16,30.325055,-512.753794,0.0,0.5
586000,585,8751.513,1000,14409.14,28.902132,-513.025501,0.0,0.5
587000,586,9140.026,1000,14422.86,29.031655,-513.324945,0.0,0.5
588000,587,9067.792,1000,14437.29,29.039874,-514.699556,0.0,0.5
589000,588,9094.829,1000,14450.56,29.147338,-515.956611,0.0,0.5
590000,589,9036.401,1000,14463.82,30.052788,-515.83195,0.0,0.5
591000,590,9009.583,1000,14482.64,30.149471,-517.115633,0.0,0.5
592000,591,9053.777,1000,14496.04,30.498413,-517.993018,0.0,0.5
593000,592,9197.138,1000,14510.56,30.009551,-518.783391,0.0,0.5
594000,593,9383.546,1000,14526.01,29.455338,-518.708856,0.0,0.5
595000,594,9186.001,1000,14540.44,30.398895,-520.404577,0.0,0.5
596000,595,9340.226,1000,14553.83,30.94373,-520.578635,0.0,0.5
597000,596,9246.401,1000,14566.95,30.66697,-521.499803,0.0,0.5
598000,597,9407.73,1000,14580.37,30.295437,-522.95056,0.0,0.5
599000,598,9195.629,1000,14593.66,29.818934,-523.884841,0.0,0.5
600000,599,9088.699,1000,14607.55,30.891646,-523.945961,0.0,0.5
601000,600,9362.932,1000,14626.92,31.597167,-525.352278,0.0,0.5
602000,601,9190.066,1000,14641.09,30.908796,-526.137711,0.0,0.5
603000,602,9504.992,1000,14654.92,30.135295,-526.356494,0.0,0.5
604000,603,9248.105,1000,14667.88,30.99241,-527.237678,0.0,0.5
605000,604,9176.456,1000,14681.58,32.065085,-528.623397,0.0,0.5
606000,605,9446.376,1000,14695.1,30.536925,-529.231929,0.0,0.5
607000,606,9305.214,1000,14709.04,30.645983,-529.968566,0.0,0.5
608000,607,9442.458,1000,14722.25,31.575806,-530.800069,0.0,0.5
609000,608,9565.358,1000,14735.98,31.194443,-530.547471,0.0,0.5
610000,609,9020.158,1000,14749.45,31.553841,-531.596669,0.0,0.5
611000,610,9118.251,1000,14768.67,32.153884,-532.736181,0.0,0.5
612000,611,9495.863,1000,14782.37,30.680272,-533.891043,0.0,0.5
613000,612,9097.214,1000,14797.0,31.243902,-535.085533,0.0,0.5
614000,613,9168.178,1000,14810.37,31.077315,-534.736459,0.0,0.5
615000,614,9577.219,1000,14823.07,30.020966,-536.250421,0.0,0.5
616000,615,9363.325,1000,14836.25,29.971734,-536.100633,0.0,0.5
617000,616,9571.572,1000,14849.8,30.807667,-537.7455,0.0,0.5
618000,617,8819.211,1000,14864.21,32.244556,-538.136583,0.0,0.5
619000,618,9120.031,1000,14879.77,31.509563,-539.197709,0.0,0.5
620000,619,9359.235,1000,14895.38,31.609046,-540.085191,0.0,0.5
621000,620,9611.438,1000,14912.97,31.566021,-540.152266,0.0,0.5
622000,621,9055.939,1000,14926.65,31.796947,-541.041414,0.0,0.5
623000,622,9134.134,1000,14939.88,32.05978,-541.741602,0.0,0.5
624000,623,9331.349,1000,14953.65,31.953896,-543.362938,0.0,0.5
625000,624,9187.994,1000,14967.72,31.600801,-543.422381,0.0,0.5
626000,625,9300.412,1000,14981.56,30.896316,-543.973464,0.0,0.5
627000,626,9402.084,1000,14995.9,32.63361,-545.81524,0.0,0.5
628000,627,9553.282,1000,15009.75,32.512831,-545.924242,0.0,0.5
629000,628,9203.691,1000,15023.6,33.250678,-546.314991,0.0,0.5
630000,629,9558.322,1000,15036.83,33.395088,-545.799064,0.0,0.5
631000,630,9573.465,1000,15055.5,32.123978,-547.068838,0.0,0.5
632000,631,9479.658,1000,15068.94,32.520775,-548.059277,0.0,0.5
633000,632,9782.018,1000,15082.64,32.629222,-548.66829,0.0,0.5
634000,633,9395.262,1000,15095.79,33.28983,-549.350078,0.0,0.5
635000,634,9415.953,1000,15109.8,32.066945,-550.105692,0.0,0.5
636000,635,9538.184,1000,15123.08,32.297247,-551.853952,0.0,0.5
637000,636,9985.799,1000,15137.85,33.654962,-551.934095,0.0,0.5
638000,637,9740.403,1000,15151.62,31.282409,-552.948203,0.0,0.5
639000,638,9456.28,1000,15165.57,32.374315,-553.723611,0.0,0.5
640000,639,9540.235,1000,15178.2,33.220037,-554.349514,0.0,0.5
641000,640,9458.579,1000,15196.4,32.228669,-555.541715,0.0,0.5
642000,641,9623.185,1000,15210.11,31.664257,-555.767367,0.0,0.5
643000,642,9785.633,1000,15224.49,32.851022,-556.337594,0.0,0.5
644000,643,9924.685,1000,15239.45,33.440922,-556.461898,0.0,0.5
645000,644,9706.293,1000,15254.58,32.944625,-558.104282,0.0,0.5
646000,645,9339.341,1000,15267.77,33.1334,-558.621206,0.0,0.5
647000,646,9642.818,1000,15280.71,32.764245,-559.672294,0.0,0.5
648000,647,9325.71,1000,15294.43,33.387515,-560.676696,0.0,0.5
649000,648,9565.105,1000,15307.29,33.606317,-560.659353,0.0,0.5
650000,649,9605.805,1000,15321.17,33.194381,-560.797917,0.0,0.5
651000,650,9935.487,1000,15341.14,33.729833,-562.0702,0.0,0.5
652000,651,9658.124,1000,15354.83,34.032292,-562.987348,0.0,0.5
653000,652,9628.347,1000,15368.54,34.535836,-564.27284,0.0,0.5
654000,653,9916.045,1000,15382.04,32.978969,-564.776444,0.0,0.5
655000,654,9797.208,1000,15395.38,32.697604,-564.877899,0.0,0.5
656000,655,9560.738,1000,15408.99,33.707341,-565.830289,0.0,0.5
657000,656,9813.184,1000,15422.59,33.233041,-566.894426,0.0,0.5
658000,657,9584.845,1000,15436.43,34.574378,-567.527642,0.0,0.5
659000,658,9651.66,1000,15449.94,33.676508,-567.849077,0.0,0.5
660000,659,9816.592,1000,15463.02,33.494369,-568.091412,0.0,0.5
661000,660,9898.913,1000,15482.04,34.94723,-569.252046,0.0,0.5
662000,661,9554.339,1000,15495.69,34.648907,-570.365259,0.0,0.5
663000,662,9747.959,1000,15509.98,34.699796,-570.145594,0.0,0.5
664000,663,9848.936,1000,15522.99,34.87062,-571.607169,0.0,0.5
665000,664,9656.412,1000,15536.56,35.690175,-571.91662,0.0,0.5
666000,665,9532.257,1000,15548.97,33.996472,-572.754787,0.0,0.5
667000,666,9491.897,1000,15562.65,34.29219,-573.93288,0.0,0.5
668000,667,9853.84,1000,15577.12,35.32865,-573.477463,0.0,0.5
669000,668,9893.612,1000,15590.56,36.099381,-574.216865,0.0,0.5
670000,669,9617.618,1000,15604.63,36.133166,-575.542978,0.0,0.5
671000,670,9916.12,1000,15623.58,34.464784,-575.921294,0.0,0.5
672000,671,9724.755,1000,15637.01,34.285341,-576.630331,0.0,0.5
673000,672,9695.303,1000,15650.26,35.372127,-577.451672,0.0,0.5
674000,673,9961.236,1000,15664.06,34.172812,-577.674195,0.0,0.5
675000,674,9709.736,1000,15677.8,35.653263,-577.606876,0.0,0.5
676000,675,9815.424,1000,15691.14,33.981786,-578.591182,0.0,0.5
677000,676,9421.436,1000,15703.98,36.028345,-579.406335,0.0,0.5
678000,677,9705.436,1000,15717.83,34.844961,-580.093474,0.0,0.5
679000,678,9888.351,1000,15731.88,36.480472,-579.658403,0.0,0.5
680000,679,10067.537,1000,15745.73,35.552365,-581.159491,0.0,0.5
681000,680,9452.981,1000,15763.88,35.921836,-581.547305,0.0,0.5
682000,681,10030.892,1000,15777.56,35.620849,-581.680721,0.0,0.5
683000,682,9949.657,1000,15791.1,34.273298,-582.64268,0.0,0.5
684000,683,9722.533,1000,15804.56,34.747345,-583.111914,0.0,0.5
685000,684,9719.673,1000,15817.5,34.362263,-583.714581,0.0,0.5
686000,685,10049.57,1000,15830.68,34.737135,-585.597675,0.0,0.5
687000,686,9726.117,1000,15844.5,36.765397,-585.052268,0.0,0.5
688000,687,9930.021,1000,15858.25,35.697998,-586.465211,0.0,0.5
689000,688,9703.98,1000,15871.55,35.190948,-587.107405,0.0,0.5
690000,689,9976.403,1000,15884.98,36.407571,-587.95256,0.0,0.5
691000,690,10029.224,1000,15903.37,36.846684,-587.960058,0.0,0.5
692000,691,10340.504,1000,15916.27,34.620355,-588.635133,0.0,0.5
693000,692,9978.16,1000,15930.15,34.910582,-588.39354,0.0,0.5
694000,693,10092.369,1000,15944.12,35.053415,-589.081679,0.0,0.5
695000,694,9596.718,1000,15959.52,33.849059,-589.283646,0.0,0.5
696000,695,9790.375,1000,15973.88,35.534008,-590.916769,0.0,0.5
697000,696,10034.911,1000,15987.34,35.102832,-591.732016,0.0,0.5
698000,697,9951.103,1000,16000.64,35.987177,-591.928322,0.0,0.5
699000,698,9793.882,1000,16014.09,35.791472,-591.870957,0.0,0.5
700000,699,10000.963,1000,16027.71,34.949251,-593.188965,0.0,0.5
701000,700,9810.713,1000,16046.63,35.734927,-593.42253,0.0,0.5
702000,701,10246.505,1000,16060.79,36.272506,-593.741795,0.0,0.5
703000,702,9796.389,1000,16074.79,35.479118,-594.941192,0.0,0.5
704000,703,9762.559,1000,16088.57,34.831514,-595.852792,0.0,0.5
705000,704,10277.293,1000,16101.7,37.121089,-595.928073,0.0,0.5
706000,705,9825.347,1000,16115.21,35.985532,-595.995061,0.0,0.5
707000,706,10055.955,1000,16127.71,36.858675,-597.133414,0.0,0.5
708000,707,10386.005,1000,16141.41,36.564363,-597.08665,0.0,0.5
709000,708,10323.782,1000,16155.05,36.511681,-598.202107,0.0,0.5
710000,709,9892.82,1000,16168.14,36.550954,-598.103702,0.0,0.5
711000,710,9993.491,1000,16186.12,36.46217,-599.752736,0.0,0.5
712000,711,9963.818,1000,16200.03,35.422143,-599.761542,0.0,0.5
713000,712,9954.569,1000,16213.61,35.788132,-600.819481,0.0,0.5
714000,713,9917.282,1000,16227.53,34.481498,-601.851509,0.0,0.5
715000,714,9902.523,1000,16241.49,35.816158,-602.1958,0.0,0.5
716000,715,9375.79,1000,16254.64,36.821067,-602.444695,0.0,0.5
717000,716,9935.361,1000,16267.75,35.670304,-602.992935,0.0,0.5
718000,717,10166.024,1000,16281.61,35.397849,-604.095785,0.0,0.5
719000,718,9623.976,1000,16295.06,36.87686,-604.215741,0.0,0.5
720000,719,10369.102,1000,16309.1,36.65703,-604.673954,0.0,0.5
721000,720,9987.448,1000,16330.4,35.405871,-606.03081,0.0,0.5
722000,721,10138.34,1000,16343.41,36.158994,-606.374527,0.0,0.5
723000,722,9985.888,1000,16357.18,37.08151,-606.794105,0.0,0.5
724000,723,9831.545,1000,16370.03,37.583462,-606.461175,0.0,0.5
725000,724,10205.467,1000,16383.61,35.906356,-608.853449,0.0,0.5
726000,725,10259.518,1000,16397.0,36.709053,-608.591778,0.0,0.5
727000,726,10340.716,1000,16410.85,36.143207,-609.749211,0.0,0.5
728000,727,10089.009,1000,16425.03,36.98838,-609.645421,0.0,0.5
729000,728,9976.882,1000,16438.82,35.686156,-609.828943,0.0,0.5
730000,729,10297.164,1000,16452.79,36.856992,-610.467665,0.0,0.5
731000,730,10102.238,1000,16471.16,35.885513,-610.575431,0.0,0.5
732000,731,9793.718,1000,16484.5,37.636726,-612.27354,0.0,0.5
733000,732,10274.101,1000,16497.72,36.16911,-612.153222,0.0,0.5
734000,733,10092.091,1000,16511.44,35.750231,-613.299022,0.0,0.5
735000,734,10067.468,1000,16524.24,37.850573,-613.231167,0.0,0.5
736000,735,9922.536,1000,16537.53,37.231303,-614.000603,0.0,0.5
737000,736,10149.404,1000,16550.66,36.522943,-614.924231,0.0,0.5
738000,737,10057.173,1000,16565.09,36.11292,-615.208961,0.0,0.5
739000,738,10202.392,1000,16578.62,36.045712,-615.72827,0.0,0.5
740000,739,10181.997,1000,16592.8,36.464384,-616.516825,0.0,0.5
741000,740,10086.975,1000,16611.62,36.753733,-616.537343,0.0,0.5
742000,741,10138.688,1000,16624.87,36.684245,-617.306511,0.0,0.5
743000,742,10356.901,1000,16637.88,36.68792,-617.445531,0.0,0.5
744000,743,10141.461,1000,16651.48,36.02458,-617.996911,0.0,0.5
745000,744,9888.47,1000,16665.1,35.939608,-618.739569,0.0,0.5
746000,745,10442.335,1000,16680.02,37.748286,-619.66383,0.0,0.5
747000,746,10411.295,1000,16695.16,37.666162,-619.917257,0.0,0.5
748000,747,10434.753,1000,16708.31,37.149929,-620.91995,0.0,0.5
749000,748,10260.368,1000,16721.81,38.855755,-620.849822,0.0,0.5
750000,749,10219.211,1000,16734.95,37.388759,-622.114683,0.0,0.5
751000,750,10039.866,1000,16754.21,38.170301,-622.703004,0.0,0.5
752000,751,10075.714,1000,16768.5,37.078914,-622.871135,0.0,0.5
753000,752,10250.183,1000,16782.34,38.178271,-623.197629,0.0,0.5
754000,753,10383.02,1000,16796.21,36.688346,-623.46049,0.0,0.5
755000,754,10138.758,1000,16809.54,38.214818,-624.32308,0.0,0.5
756000,755,10193.874,1000,16823.34,38.012662,-625.031335,0.0,0.5
757000,756,10284.39,1000,16836.55,38.407907,-625.459287,0.0,0.5
758000,757,10332.958,1000,16850.05,36.758972,-625.530871,0.0,0.5
759000,758,10335.232,1000,16863.71,36.930453,-626.624287,0.0,0.5
760000,759,10188.771,1000,16877.25,38.284671,-626.996164,0.0,0.5
761000,760,10197.665,1000,16895.08,38.36238,-626.873027,0.0,0.5
762000,761,10349.951,1000,16909.04,37.556987,-628.298241,0.0,0.5
763000,762,10233.069,1000,16922.89,38.773703,-628.638383,0.0,0.5
764000,763,10093.756,1000,16937.2,38.95398,-629.012832,0.0,0.5
765000,764,10429.308,1000,16950.66,37.524046,-629.418668,0.0,0.5
766000,765,10175.854,1000,16965.11,38.167777,-631.51239,0.0,0.5
767000,766,10493.987,1000,16977.58,37.436921,-630.323363,0.0,0.5
768000,767,10452.482,1000,16990.62,37.205374,-631.056618,0.0,0.5
769000,768,9880.426,1000,17004.32,38.746624,-630.860649,0.0,0.5
770000,769,10095.81,1000,17018.23,39.161806,-631.626698,0.0,0.5
771000,770,10146.028,1000,17039.34,38.1111,-632.774492,0.0,0.5
772000,771,10000.94,1000,17054.39,38.668574,-632.810381,0.0,0.5
773000,772,10181.251,1000,17067.7,38.907827,-633.31294,0.0,0.5
774000,773,10490.406,1000,17080.52,38.765264,-634.139982,0.0,0.5
775000,774,10036.736,1000,17093.99,38.498978,-634.844765,0.0,0.5
776000,775,10406.06,1000,17107.22,38.821874,-634.951393,0.0,0.5
777000,776,9952.576,1000,17120.96,38.665916,-635.407742,0.0,0.5
778000,777,10279.304,1000,17135.4,39.476263,-636.348706,0.0,0.5
779000,778,10349.64,1000,17148.82,39.541115,-636.816522,0.0,0.5
780000,779,10461.014,1000,17162.7,38.682341,-636.856005,0.0,0.5
781000,780,10608.089,1000,17182.36,39.755915,-636.907458,0.0,0.5
782000,781,10684.269,1000,17195.39,39.308156,-638.447272,0.0,0.5
783000,782,10256.878,1000,17209.15,39.174076,-638.833925,0.0,0.5
784000,783,10242.946,1000,17222.7,39.036775,-639.404967,0.0,0.5
785000,784,10151.273,1000,17236.15,39.114807,-640.496555,0.0,0.5
786000,785,10482.959,1000,17249.37,39.890332,-639.878211,0.0,0.5
787000,786,10055.237,1000,17262.91,38.977765,-640.439631,0.0,0.5
788000,787,10373.645,1000,17276.8,38.965933,-641.322973,0.0,0.5
789000,788,10400.789,1000,17290.31,39.539014,-642.115226,0.0,0.5
790000,789,10552.456,1000,17305.0,38.821237,-641.611737,0.0,0.5
791000,790,10209.236,1000,17324.04,38.575486,-643.325668,0.0,0.5
792000,791,10317.801,1000,17337.38,40.155425,-643.365318,0.0,0.5
793000,792,10388.466,1000,17349.62,38.12519,-642.900874,0.0,0.5
794000,793,10250.113,1000,17363.76,39.591813,-643.189592,0.0,0.5
795000,794,10532.785,1000,17377.96,39.009818,-644.364907,0.0,0.5
796000,795,10640.995,1000,17393.06,38.41625,-645.431951,0.0,0.5
797000,796,10420.155,1000,17408.3,38.430934,-645.251733,0.0,0.5
798000,797,10300.849,1000,17422.23,38.765744,-646.036568,0.0,0.5
799000,798,10432.979,1000,17435.3,38.692095,-646.47179,0.0,0.5
800000,799,10530.531,1000,17448.48,39.971292,-646.872979,0.0,0.5
801000,800,10166.563,1000,17467.11,39.487758,-647.324046,0.0,0.5
802000,801,10430.176,1000,17481.01,38.909545,-648.267175,0.0,0.5
803000,802,10315.307,1000,17494.58,38.971952,-648.484306,0.0,0.5
804000,803,10596.93,1000,17508.81,41.052495,-648.411287,0.0,0.5
805000,804,10068.984,1000,17522.45,39.486722,-649.145592,0.0,0.5
806000,805,10308.114,1000,17536.37,39.812399,-649.461778,0.0,0.5
807000,806,10515.282,1000,17550.1,40.201998,-649.46839,0.0,0.5
808000,807,10359.274,1000,17562.91,39.612252,-650.771257,0.0,0.5
809000,808,10493.029,1000,17576.5,40.082787,-651.190987,0.0,0.5
810000,809,10360.363,1000,17589.32,40.16485,-651.079403,0.0,0.5
811000,810,10401.902,1000,17606.97,40.370343,-653.142697,0.0,0.5
812000,811,5538.327,1000,17619.91,40.520721,-652.125009,0.0,0.5
813000,812,10517.004,1000,17632.97,41.013352,-652.611473,0.0,0.5
814000,813,10493.226,1000,17646.12,42.762489,-653.461844,0.0,0.5
815000,814,10749.29,1000,17659.68,42.404334,-653.317928,0.0,0.5
816000,815,10613.785,1000,17672.93,40.97702,-653.249784,0.0,0.5
817000,816,10352.623,1000,17685.42,41.735323,-654.337162,0.0,0.5
818000,817,10239.535,1000,17698.85,41.615989,-654.186435,0.0,0.5
819000,818,10308.465,1000,17711.26,42.153617,-655.077943,0.0,0.5
820000,819,10674.869,1000,17725.08,41.479299,-655.69514,0.0,0.5
821000,820,10289.241,1000,17745.41,42.077347,-655.950645,0.0,0.5
822000,821,10322.945,1000,17760.63,42.7628,-656.215085,0.0,0.5
823000,822,10485.244,1000,17775.94,41.064709,-656.773822,0.0,0.5
824000,823,10407.809,1000,17789.15,44.2176,-657.204995,0.0,0.5
825000,824,10384.901,1000,17802.54,42.761935,-657.017152,0.0,0.5
826000,825,10432.449,1000,17816.14,42.43891,-658.083146,0.0,0.5
827000,826,10432.914,1000,17829.8,40.520848,-658.169593,0.0,0.5
828000,827,10263.871,1000,17844.07,41.845962,-659.901904,0.0,0.5
829000,828,10477.954,1000,17857.65,40.703124,-659.416523,0.0,0.5
830000,829,10513.716,1000,17871.66,44.401065,-660.26365,0.0,0.5
831000,830,10756.028,1000,17892.32,39.669911,-659.091917,0.0,0.5
832000,831,10668.153,1000,17905.42,38.99721,-660.819914,0.0,0.5
833000,832,10378.871,1000,17919.25,40.696029,-660.8212,0.0,0.5
834000,833,10411.139,1000,17932.42,40.839955,-661.916458,0.0,0.5
835000,834,10460.105,1000,17946.12,41.170305,-662.066127,0.0,0.5
836000,835,10411.877,1000,17959.69,42.666079,-662.24268,0.0,0.5
837000,836,10551.783,1000,17973.26,41.973875,-662.807475,0.0,0.5
838000,837,10579.296,1000,17986.48,41.68582,-663.04893,0.0,0.5
839000,838,10568.23,1000,18000.32,42.23067,-663.506501,0.0,0.5
840000,839,10594.806,1000,18014.25,41.856938,-663.922891,0.0,0.5
841000,840,10531.479,1000,18033.1,43.432787,-664.786229,0.0,0.5
842000,841,10575.929,1000,18046.61,42.27273,-664.222288,0.0,0.5
843000,842,10569.33,1000,18060.57,41.759329,-665.263011,0.0,0.5
844000,843,10604.434,1000,18074.27,41.648384,-666.516569,0.0,0.5
845000,844,10464.11,1000,18088.86,42.125689,-666.219692,0.0,0.5
846000,845,10393.75,1000,18102.59,41.549531,-666.358102,0.0,0.5
847000,846,10507.843,1000,18117.36,44.130351,-667.113566,0.0,0.5
848000,847,10474.201,1000,18132.56,42.49305,-666.944307,0.0,0.5
849000,848,10470.871,1000,18146.03,41.255363,-668.315114,0.0,0.5
850000,849,10363.555,1000,18159.67,41.855388,-667.16923,0.0,0.5
851000,850,10649.964,1000,18178.17,47.236364,-667.2758,0.0,0.5
852000,851,10799.159,1000,18191.66,43.449692,-668.395348,0.0,0.5
853000,852,10549.83,1000,18205.09,43.072226,-668.983837,0.0,0.5
854000,853,10601.625,1000,18219.03,44.135158,-668.713106,0.0,0.5
855000,854,10586.728,1000,18232.9,42.055622,-668.745185,0.0,0.5
856000,855,10594.247,1000,18246.81,43.643995,-670.327674,0.0,0.5
857000,856,10640.121,1000,18260.62,40.153853,-670.214792,0.0,0.5
858000,857,10212.551,1000,18273.59,40.490849,-669.693371,0.0,0.5
859000,858,10315.064,1000,18287.16,42.980296,-671.018345,0.0,0.5
860000,859,10692.092,1000,18300.45,41.34989,-671.646694,0.0,0.5
861000,860,10462.017,1000,18319.13,41.061058,-672.095883,0.0,0.5
862000,861,10811.625,1000,18332.06,41.628183,-673.480269,0.0,0.5
863000,862,10493.276,1000,18345.43,40.402197,-673.154542,0.0,0.5
864000,863,10317.0,1000,18358.9,43.394319,-673.690933,0.0,0.5
865000,864,10644.502,1000,18372.88,41.311809,-673.761311,0.0,0.5
866000,865,10575.336,1000,18386.56,44.209871,-674.28706,0.0,0.5
867000,866,10657.863,1000,18400.21,41.789494,-675.361286,0.0,0.5
868000,867,10845.87,1000,18413.54,42.738064,-675.572076,0.0,0.5
869000,868,10511.984,1000,18426.48,40.114194,-675.589862,0.0,0.5
870000,869,10565.476,1000,18439.46,43.290877,-676.466766,0.0,0.5
871000,870,10878.207,1000,18459.84,43.238262,-676.027625,0.0,0.5
872000,871,10706.915,1000,18474.54,42.794811,-676.596502,0.0,0.5
873000,872,10436.288,1000,18490.14,42.084811,-676.582943,0.0,0.5
874000,873,10576.492,1000,18504.59,45.17786,-677.463814,0.0,0.5
875000,874,10844.08,1000,18517.55,41.314233,-677.892727,0.0,0.5
876000,875,10666.159,1000,18531.42,41.928367,-678.642764,0.0,0.5
877000,876,10597.067,1000,18544.68,41.043208,-677.675069,0.0,0.5
878000,877,10425.779,1000,18558.83,41.891903,-678.773521,0.0,0.5
879000,878,10664.883,1000,18572.53,40.580077,-679.297764,0.0,0.5
880000,879,10869.559,1000,18586.43,41.567769,-680.092594,0.0,0.5
881000,880,10522.304,1000,18606.71,43.273402,-681.230081,0.0,0.5
882000,881,10704.804,1000,18619.98,40.340205,-680.775856,0.0,0.5
883000,882,10613.609,1000,18633.39,41.893722,-681.466711,0.0,0.5
884000,883,10392.746,1000,18646.45,41.645955,-681.46491,0.0,0.5
885000,884,10644.342,1000,18660.13,42.275486,-682.501614,0.0,0.5
886000,885,10411.459,1000,18673.57,42.502909,-681.973138,0.0,0.5
887000,886,10557.575,1000,18687.07,42.330303,-682.464364,0.0,0.5
888000,887,10618.245,1000,18699.84,40.834826,-683.32539,0.0,0.5
889000,888,10655.005,1000,18714.04,41.810352,-683.589005,0.0,0.5
890000,889,10556.704,1000,18727.35,41.806866,-684.291484,0.0,0.5
891000,890,10872.039,1000,18747.07,40.306504,-685.096039,0.0,0.5
892000,891,10603.223,1000,18760.66,41.115611,-685.404208,0.0,0.5
893000,892,10435.958,1000,18774.31,44.265508,-684.899482,0.0,0.5
894000,893,10535.128,1000,18787.16,40.734937,-686.563069,0.0,0.5
895000,894,10820.269,1000,18800.89,41.484548,-686.644782,0.0,0.5
896000,895,10562.114,1000,18814.59,41.609521,-686.396042,0.0,0.5
897000,896,6098.475,1000,18828.88,39.833013,-686.904354,0.0,0.5
898000,897,10629.174,1000,18844.04,44.052425,-687.131923,0.0,0.5
899000,898,10583.445,1000,18857.65,43.170234,-686.144816,0.0,0.5
900000,899,10497.108,1000,18872.35,43.250639,-687.867808,0.0,0.5
901000,900,10622.506,1000,18895.09,41.992723,-687.499286,0.0,0.5
902000,901,10878.838,1000,18910.64,40.317668,-688.226177,0.0,0.5
903000,902,10182.579,1000,18924.09,44.058422,-688.433322,0.0,0.5
904000,903,10248.135,1000,18938.32,42.815133,-689.187138,0.0,0.5
905000,904,10725.294,1000,18951.94,41.56773,-689.493926,0.0,0.5
906000,905,10858.88,1000,18965.71,43.53329,-689.272957,0.0,0.5
907000,906,10790.068,1000,18979.38,43.721099,-689.554757,0.0,0.5
908000,907,10509.863,1000,18992.26,46.048318,-690.051425,0.0,0.5
909000,908,10380.547,1000,19005.9,41.802083,-691.612903,0.0,0.5
910000,909,10748.804,1000,19019.66,44.473,-691.520577,0.0,0.5
911000,910,10772.431,1000,19038.82,42.379137,-691.57849,0.0,0.5
912000,911,10711.081,1000,19052.1,46.41732,-692.273547,0.0,0.5
913000,912,10827.86,1000,19065.59,45.454414,-692.569202,0.0,0.5
914000,913,10783.006,1000,19079.71,44.117174,-691.928538,0.0,0.5
915000,914,10847.332,1000,19093.92,45.830586,-693.089252,0.0,0.5
916000,915,10824.043,1000,19108.09,48.757888,-693.513625,0.0,0.5
917000,916,10921.203,1000,19121.91,44.393142,-692.30126,0.0,0.5
918000,917,10611.653,1000,19135.49,46.11091,-693.811702,0.0,0.5
919000,918,10926.457,1000,19148.0,48.941622,-694.635487,0.0,0.5
920000,919,10713.609,1000,19161.69,43.262959,-694.006096,0.0,0.5
921000,920,10520.996,1000,19181.45,42.6166,-695.124621,0.0,0.5
922000,921,10836.073,1000,19196.69,44.252043,-695.460918,0.0,0.5
923000,922,10692.918,1000,19212.01,43.337848,-695.878619,0.0,0.5
924000,923,10828.473,1000,19225.78,46.78958,-695.879663,0.0,0.5
925000,924,10884.745,1000,19238.04,45.239059,-695.791669,0.0,0.5
926000,925,10775.818,1000,19251.91,42.092627,-696.124828,0.0,0.5
927000,926,10781.694,1000,19265.33,41.324432,-695.943568,0.0,0.5
928000,927,10495.026,1000,19279.09,43.80795,-696.771722,0.0,0.5
929000,928,10621.719,1000,19292.99,44.930323,-697.230029,0.0,0.5
930000,929,10697.618,1000,19306.83,41.925291,-697.333529,0.0,0.5
931000,930,10840.873,1000,19325.55,46.023396,-697.326144,0.0,0.5
932000,931,10721.625,1000,19339.05,41.776321,-697.261641,0.0,0.5
933000,932,10761.052,1000,19352.77,41.311516,-698.475343,0.0,0.5
934000,933,10659.225,1000,19365.54,41.652861,-699.282109,0.0,0.5
935000,934,10814.316,1000,19379.61,43.249923,-699.871424,0.0,0.5
936000,935,10853.945,1000,19393.21,42.206618,-699.667261,0.0,0.5
937000,936,10824.77,1000,19406.75,46.460649,-700.469242,0.0,0.5
938000,937,10681.368,1000,19420.2,42.502276,-700.059189,0.0,0.5
939000,938,10848.149,1000,19434.08,42.683368,-700.852794,0.0,0.5
940000,939,11042.545,1000,19447.96,41.554051,-701.125199,0.0,0.5
941000,940,10516.787,1000,19467.38,45.546133,-702.486316,0.0,0.5
942000,941,10964.106,1000,19481.66,43.084444,-701.433739,0.0,0.5
943000,942,10337.284,1000,19494.48,42.430726,-702.610145,0.0,0.5
944000,943,10868.554,1000,19507.53,44.551651,-702.931954,0.0,0.5
945000,944,10866.373,1000,19521.13,46.57897,-703.191856,0.0,0.5
946000,945,10917.333,1000,19535.11,44.401151,-703.682114,0.0,0.5
947000,946,10691.934,1000,19550.01,42.119135,-704.600956,0.0,0.5
948000,947,10758.422,1000,19565.25,44.718308,-704.487016,0.0,0.5
949000,948,10866.985,1000,19579.73,41.993119,-703.782928,0.0,0.5
950000,949,10764.879,1000,19593.18,43.478129,-705.904732,0.0,0.5
951000,950,11000.175,1000,19610.97,42.148,-705.455614,0.0,0.5
952000,951,10786.53,1000,19625.02,43.270227,-705.838221,0.0,0.5
953000,952,11064.763,1000,19638.34,42.103932,-706.184912,0.0,0.5
954000,953,10625.124,1000,19652.41,43.779526,-707.156984,0.0,0.5
955000,954,10509.557,1000,19666.56,43.865005,-707.151151,0.0,0.5
956000,955,10863.585,1000,19680.1,43.44491,-707.92683,0.0,0.5
957000,956,10840.616,1000,19693.91,42.29766,-707.846941,0.0,0.5
958000,957,10677.683,1000,19706.93,42.506953,-707.817081,0.0,0.5
959000,958,11073.967,1000,19720.48,42.925303,-707.823097,0.0,0.5
960000,959,10757.052,1000,19733.87,43.513926,-707.92398,0.0,0.5
961000,960,10652.453,1000,19752.8,46.20543,-709.325029,0.0,0.5
962000,961,10628.409,1000,19765.88,42.464172,-708.972331,0.0,0.5
963000,962,10871.688,1000,19779.79,42.625618,-709.225352,0.0,0.5
964000,963,10948.334,1000,19792.96,44.603415,-709.166642,0.0,0.5
965000,964,10602.698,1000,19807.19,43.386941,-710.782477,0.0,0.5
966000,965,10678.348,1000,19820.96,44.302262,-710.131188,0.0,0.5
967000,966,10994.954,1000,19835.18,42.22159,-711.628443,0.0,0.5
968000,967,10842.624,1000,19848.26,43.178503,-711.171082,0.0,0.5
969000,968,10885.393,1000,19861.24,43.5062,-711.477239,0.0,0.5
970000,969,10795.871,1000,19874.02,44.887386,-711.915378,0.0,0.5
971000,970,11013.654,1000,19893.71,42.181901,-711.9662,0.0,0.5
972000,971,10694.771,1000,19907.8,41.900752,-712.452459,0.0,0.5
973000,972,10764.251,1000,19922.87,41.612171,-713.328325,0.0,0.5
974000,973,10605.593,1000,19937.81,42.231604,-713.720469,0.0,0.5
975000,974,10693.437,1000,19950.57,42.256702,-714.536517,0.0,0.5
976000,975,10995.048,1000,19964.12,43.067585,-713.914283,0.0,0.5
977000,976,10597.313,1000,19977.46,41.265517,-714.599787,0.0,0.5
978000,977,10909.117,1000,19991.42,41.571034,-714.38389,0.0,0.5
979000,978,10948.526,1000,20005.35,42.885172,-714.890779,0.0,0.5
980000,979,10899.956,1000,20019.09,43.228904,-716.173041,0.0,0.5
981000,980,10962.425,1000,20038.93,45.022506,-715.444174,0.0,0.5
982000,981,10995.937,1000,20052.85,41.125252,-714.727744,0.0,0.5
983000,982,10859.163,1000,20066.47,46.067431,-715.970186,0.0,0.5
984000,983,10667.449,1000,20079.81,43.19691,-716.540955,0.0,0.5
985000,984,11015.013,1000,20093.13,47.950118,-716.25302,0.0,0.5
986000,985,10910.879,1000,20106.3,41.247568,-717.306124,0.0,0.5
987000,986,10871.945,1000,20119.99,44.533879,-717.488892,0.0,0.5
988000,987,10707.424,1000,20132.95,40.811931,-717.302672,0.0,0.5
989000,988,10980.647,1000,20146.45,40.717324,-718.367146,0.0,0.5
990000,989,4113.386,1000,20159.88,44.444621,-717.469637,0.0,0.5
991000,990,10999.847,1000,20179.62,47.835475,-718.740195,0.0,0.5
992000,991,10797.178,1000,20192.5,44.153352,-718.464556,0.0,0.5
993000,992,10975.876,1000,20206.53,47.019583,-717.598183,0.0,0.5
994000,993,10924.635,1000,20219.12,46.518769,-718.851329,0.0,0.5
995000,994,11097.561,1000,20232.3,42.498857,-718.905099,0.0,0.5
996000,995,10411.402,1000,20246.22,42.520173,-719.341672,0.0,0.5
997000,996,10896.413,1000,20260.11,45.051779,-720.152369,0.0,0.5
998000,997,10918.63,1000,20274.73,43.329502,-720.563394,0.0,0.5
999000,998,10971.657,1000,20289.38,45.207538,-721.160978,0.0,0.5
1000000,999,10848.956,1000,20302.71,43.427927,-721.172471,0.0,0.5
